date,hits,artist,title,type,style,search_google,search_beatport
2026-04-25 01:32,1,Ohema Khaky,Carry Me Go Kaid Boy Spyc,🚀 Auto,5,https://www.google.com/search?q=Ohema%20Khaky%20Carry%20Me%20Go%20Kaid%20Boy%20Spyc,https://www.beatport.com/search?q=Ohema%20Khaky%20Carry%20Me%20Go%20Kaid%20Boy%20Spyc
2026-04-25 01:29,1,Kevin MacLeod,Stay the Course,🚀 Auto,5,https://www.google.com/search?q=Kevin%20MacLeod%20Stay%20the%20Course,https://www.beatport.com/search?q=Kevin%20MacLeod%20Stay%20the%20Course
2026-04-25 01:04,1,ID,Shake It to the Max (Mixed),🚀 Auto,5,https://www.google.com/search?q=ID%20Shake%20It%20to%20the%20Max%20%28Mixed%29,https://www.beatport.com/search?q=ID%20Shake%20It%20to%20the%20Max%20%28Mixed%29
2026-04-25 01:03,1,J Capri & Charly Black,Whine & Kotch,🚀 Auto,5,https://www.google.com/search?q=J%20Capri%20%26%20Charly%20Black%20Whine%20%26%20Kotch,https://www.beatport.com/search?q=J%20Capri%20%26%20Charly%20Black%20Whine%20%26%20Kotch
2026-04-25 01:02,1,Montell Jordan,This Is How We Do It,🚀 Auto,5,https://www.google.com/search?q=Montell%20Jordan%20This%20Is%20How%20We%20Do%20It,https://www.beatport.com/search?q=Montell%20Jordan%20This%20Is%20How%20We%20Do%20It
2026-04-25 01:00,1,BonnieMcRed,The Robbing Plan (Pt.1),🚀 Auto,5,https://www.google.com/search?q=BonnieMcRed%20The%20Robbing%20Plan%20%28Pt.1%29,https://www.beatport.com/search?q=BonnieMcRed%20The%20Robbing%20Plan%20%28Pt.1%29
2026-04-25 00:59,1,mitch murder,Arrival,🚀 Auto,5,https://www.google.com/search?q=mitch%20murder%20Arrival,https://www.beatport.com/search?q=mitch%20murder%20Arrival
2026-04-25 00:57,1,veneris,Vivaldi Winter Drill #2,🚀 Auto,5,https://www.google.com/search?q=veneris%20Vivaldi%20Winter%20Drill%20%232,https://www.beatport.com/search?q=veneris%20Vivaldi%20Winter%20Drill%20%232
2026-04-25 00:55,1,Niyi Kosiberu,Lala (Hustler Anthem),🚀 Auto,5,https://www.google.com/search?q=Niyi%20Kosiberu%20Lala%20%28Hustler%20Anthem%29,https://www.beatport.com/search?q=Niyi%20Kosiberu%20Lala%20%28Hustler%20Anthem%29
2026-04-25 00:55,1,Gordon Arzu,Callao,🚀 Auto,5,https://www.google.com/search?q=Gordon%20Arzu%20Callao,https://www.beatport.com/search?q=Gordon%20Arzu%20Callao
2026-04-25 00:52,1,David Temessi,F****n Clown (Stephen Advance 2012 Remix),🚀 Auto,5,https://www.google.com/search?q=David%20Temessi%20F%2A%2A%2A%2An%20Clown%20%28Stephen%20Advance%202012%20Remix%29,https://www.beatport.com/search?q=David%20Temessi%20F%2A%2A%2A%2An%20Clown%20%28Stephen%20Advance%202012%20Remix%29
2026-04-25 00:51,1,Dalip Shekhawat,Woma Tnrp (Slowed & Reverb),🚀 Auto,5,https://www.google.com/search?q=Dalip%20Shekhawat%20Woma%20Tnrp%20%28Slowed%20%26%20Reverb%29,https://www.beatport.com/search?q=Dalip%20Shekhawat%20Woma%20Tnrp%20%28Slowed%20%26%20Reverb%29
2026-04-25 00:49,1,Lucas & Steve & CRCLE,Every Day,🚀 Auto,5,https://www.google.com/search?q=Lucas%20%26%20Steve%20%26%20CRCLE%20Every%20Day,https://www.beatport.com/search?q=Lucas%20%26%20Steve%20%26%20CRCLE%20Every%20Day
2026-04-25 00:47,1,Alex Barrera,Top,🚀 Auto,5,https://www.google.com/search?q=Alex%20Barrera%20Top,https://www.beatport.com/search?q=Alex%20Barrera%20Top
2026-04-25 00:46,2,John Summit,EAT THE BASS,🚀 Auto,5,https://www.google.com/search?q=John%20Summit%20EAT%20THE%20BASS,https://www.beatport.com/search?q=John%20Summit%20EAT%20THE%20BASS
2026-04-25 00:45,1,Robosonic & Klangkuenstler,Nuts,🚀 Auto,5,https://www.google.com/search?q=Robosonic%20%26%20Klangkuenstler%20Nuts,https://www.beatport.com/search?q=Robosonic%20%26%20Klangkuenstler%20Nuts
2026-04-25 00:44,1,Keepin It Heale & AZ2A,Don't Stop The Music,🚀 Auto,5,https://www.google.com/search?q=Keepin%20It%20Heale%20%26%20AZ2A%20Don%27t%20Stop%20The%20Music,https://www.beatport.com/search?q=Keepin%20It%20Heale%20%26%20AZ2A%20Don%27t%20Stop%20The%20Music
2026-04-25 00:41,1,JC ARCILA & Exotycon,Fly Infierno,🚀 Auto,5,https://www.google.com/search?q=JC%20ARCILA%20%26%20Exotycon%20Fly%20Infierno,https://www.beatport.com/search?q=JC%20ARCILA%20%26%20Exotycon%20Fly%20Infierno
2026-04-25 00:41,1,JaskersThis,Conditus,🚀 Auto,5,https://www.google.com/search?q=JaskersThis%20Conditus,https://www.beatport.com/search?q=JaskersThis%20Conditus
2026-04-25 00:39,1,Block & Crown,Intergalactic Kiss,🚀 Auto,5,https://www.google.com/search?q=Block%20%26%20Crown%20Intergalactic%20Kiss,https://www.beatport.com/search?q=Block%20%26%20Crown%20Intergalactic%20Kiss
2026-04-25 00:38,1,Marc Molina,More Than Physical (Manuel Palmitesta Remix),🚀 Auto,5,https://www.google.com/search?q=Marc%20Molina%20More%20Than%20Physical%20%28Manuel%20Palmitesta%20Remix%29,https://www.beatport.com/search?q=Marc%20Molina%20More%20Than%20Physical%20%28Manuel%20Palmitesta%20Remix%29
2026-04-25 00:38,1,Vlad Caia,Sidepoint,🚀 Auto,5,https://www.google.com/search?q=Vlad%20Caia%20Sidepoint,https://www.beatport.com/search?q=Vlad%20Caia%20Sidepoint
2026-04-25 00:36,1,Terri-Anne & Rose Moncado,On the Floor (Extended Mix),🚀 Auto,5,https://www.google.com/search?q=Terri-Anne%20%26%20Rose%20Moncado%20On%20the%20Floor%20%28Extended%20Mix%29,https://www.beatport.com/search?q=Terri-Anne%20%26%20Rose%20Moncado%20On%20the%20Floor%20%28Extended%20Mix%29
2026-04-25 00:35,2,Alex Dolby & Santos,Raw Road (Carlo Lio Remix),🚀 Auto,5,https://www.google.com/search?q=Alex%20Dolby%20%26%20Santos%20Raw%20Road%20%28Carlo%20Lio%20Remix%29,https://www.beatport.com/search?q=Alex%20Dolby%20%26%20Santos%20Raw%20Road%20%28Carlo%20Lio%20Remix%29
2026-04-25 00:35,1,Oxia,Domino,🚀 Auto,5,https://www.google.com/search?q=Oxia%20Domino,https://www.beatport.com/search?q=Oxia%20Domino
2026-04-25 00:31,1,Joe Impero,Out of Brain,🚀 Auto,5,https://www.google.com/search?q=Joe%20Impero%20Out%20of%20Brain,https://www.beatport.com/search?q=Joe%20Impero%20Out%20of%20Brain
2026-04-25 00:29,3,Enzo Siragusa & Nima Gorji,Foreal (Seb Zito Remix),🚀 Auto,5,https://www.google.com/search?q=Enzo%20Siragusa%20%26%20Nima%20Gorji%20Foreal%20%28Seb%20Zito%20Remix%29,https://www.beatport.com/search?q=Enzo%20Siragusa%20%26%20Nima%20Gorji%20Foreal%20%28Seb%20Zito%20Remix%29
2026-04-25 00:28,2,X-Press 2,Say What! (London Underground Mix),🚀 Auto,5,https://www.google.com/search?q=X-Press%202%20Say%20What%21%20%28London%20Underground%20Mix%29,https://www.beatport.com/search?q=X-Press%202%20Say%20What%21%20%28London%20Underground%20Mix%29
2026-04-25 00:28,2,Dave Summit,Thinkin' About You,🚀 Auto,5,https://www.google.com/search?q=Dave%20Summit%20Thinkin%27%20About%20You,https://www.beatport.com/search?q=Dave%20Summit%20Thinkin%27%20About%20You
2026-04-25 00:27,1,Nina Kraviz,tarde (melchior productions ltd late mix),🚀 Auto,5,https://www.google.com/search?q=Nina%20Kraviz%20tarde%20%28melchior%20productions%20ltd%20late%20mix%29,https://www.beatport.com/search?q=Nina%20Kraviz%20tarde%20%28melchior%20productions%20ltd%20late%20mix%29
2026-04-25 00:25,1,Tiësto & Charli xcx,Hot In It,🚀 Auto,5,https://www.google.com/search?q=Ti%C3%ABsto%20%26%20Charli%20xcx%20Hot%20In%20It,https://www.beatport.com/search?q=Ti%C3%ABsto%20%26%20Charli%20xcx%20Hot%20In%20It
2026-04-25 00:24,3,Mau P,Like I Like It,🚀 Auto,5,https://www.google.com/search?q=Mau%20P%20Like%20I%20Like%20It,https://www.beatport.com/search?q=Mau%20P%20Like%20I%20Like%20It
2026-04-25 00:20,1,Miley Cyrus,Flowers,🚀 Auto,5,https://www.google.com/search?q=Miley%20Cyrus%20Flowers,https://www.beatport.com/search?q=Miley%20Cyrus%20Flowers
2026-04-25 00:17,1,WNOISE,Roses,🚀 Auto,5,https://www.google.com/search?q=WNOISE%20Roses,https://www.beatport.com/search?q=WNOISE%20Roses
2026-04-25 00:16,2,Vice,Bump Bump Bump,🚀 Auto,5,https://www.google.com/search?q=Vice%20Bump%20Bump%20Bump,https://www.beatport.com/search?q=Vice%20Bump%20Bump%20Bump
2026-04-25 00:14,2,Boothed,Body Wanna Rave,🚀 Auto,5,https://www.google.com/search?q=Boothed%20Body%20Wanna%20Rave,https://www.beatport.com/search?q=Boothed%20Body%20Wanna%20Rave
2026-04-25 00:11,2,Sam Smith & Kim Petras,Unholy (ACRAZE Remix),🚀 Auto,5,https://www.google.com/search?q=Sam%20Smith%20%26%20Kim%20Petras%20Unholy%20%28ACRAZE%20Remix%29,https://www.beatport.com/search?q=Sam%20Smith%20%26%20Kim%20Petras%20Unholy%20%28ACRAZE%20Remix%29
2026-04-25 00:08,2,Magnificence,Wanna Taste?,🚀 Auto,5,https://www.google.com/search?q=Magnificence%20Wanna%20Taste%3F,https://www.beatport.com/search?q=Magnificence%20Wanna%20Taste%3F
2026-04-25 00:05,1,Oliver Heldens & DJs from Mars,Blue Monday (feat. JD Davis),🚀 Auto,5,https://www.google.com/search?q=Oliver%20Heldens%20%26%20DJs%20from%20Mars%20Blue%20Monday%20%28feat.%20JD%20Davis%29,https://www.beatport.com/search?q=Oliver%20Heldens%20%26%20DJs%20from%20Mars%20Blue%20Monday%20%28feat.%20JD%20Davis%29
2026-04-25 00:01,2,Rnbstylerz,Like Wooh Wooh,🚀 Auto,5,https://www.google.com/search?q=Rnbstylerz%20Like%20Wooh%20Wooh,https://www.beatport.com/search?q=Rnbstylerz%20Like%20Wooh%20Wooh
2026-04-24 23:58,2,Martin Ikin & Hayley May,Rush (Extended Mix),🚀 Auto,5,https://www.google.com/search?q=Martin%20Ikin%20%26%20Hayley%20May%20Rush%20%28Extended%20Mix%29,https://www.beatport.com/search?q=Martin%20Ikin%20%26%20Hayley%20May%20Rush%20%28Extended%20Mix%29
2026-04-24 23:55,1,BURNS,Talamanca,🚀 Auto,5,https://www.google.com/search?q=BURNS%20Talamanca,https://www.beatport.com/search?q=BURNS%20Talamanca
2026-04-24 23:52,2,ESSEL & James Hurr,Hit 'Em Up Style (Oops!),🚀 Auto,5,https://www.google.com/search?q=ESSEL%20%26%20James%20Hurr%20Hit%20%27Em%20Up%20Style%20%28Oops%21%29,https://www.beatport.com/search?q=ESSEL%20%26%20James%20Hurr%20Hit%20%27Em%20Up%20Style%20%28Oops%21%29
2026-04-24 23:50,1,jeonghyeon & sino,The Block (Extended Mix),🚀 Auto,5,https://www.google.com/search?q=jeonghyeon%20%26%20sino%20The%20Block%20%28Extended%20Mix%29,https://www.beatport.com/search?q=jeonghyeon%20%26%20sino%20The%20Block%20%28Extended%20Mix%29
2026-04-24 23:47,2,King Topher & MOYA,I Got Joy,🚀 Auto,5,https://www.google.com/search?q=King%20Topher%20%26%20MOYA%20I%20Got%20Joy,https://www.beatport.com/search?q=King%20Topher%20%26%20MOYA%20I%20Got%20Joy
2026-04-24 23:44,2,DUSTYCLOUD,All On You,🚀 Auto,5,https://www.google.com/search?q=DUSTYCLOUD%20All%20On%20You,https://www.beatport.com/search?q=DUSTYCLOUD%20All%20On%20You
2026-04-24 23:41,1,Nelly Lavonta,Reach New Years (Dj Set),🚀 Auto,5,https://www.google.com/search?q=Nelly%20Lavonta%20Reach%20New%20Years%20%28Dj%20Set%29,https://www.beatport.com/search?q=Nelly%20Lavonta%20Reach%20New%20Years%20%28Dj%20Set%29
2026-04-24 23:38,2,Qubiko,Talking to Myself (Extended Mix),🚀 Auto,5,https://www.google.com/search?q=Qubiko%20Talking%20to%20Myself%20%28Extended%20Mix%29,https://www.beatport.com/search?q=Qubiko%20Talking%20to%20Myself%20%28Extended%20Mix%29
2026-04-24 23:37,1,Wigbert,Balance,🚀 Auto,5,https://www.google.com/search?q=Wigbert%20Balance,https://www.beatport.com/search?q=Wigbert%20Balance
2026-04-24 23:35,2,SIDEPIECE,Fallin for You,🚀 Auto,5,https://www.google.com/search?q=SIDEPIECE%20Fallin%20for%20You,https://www.beatport.com/search?q=SIDEPIECE%20Fallin%20for%20You
2026-04-24 23:31,2,FISHER & AR/CO,Ocean,🚀 Auto,5,https://www.google.com/search?q=FISHER%20%26%20AR/CO%20Ocean,https://www.beatport.com/search?q=FISHER%20%26%20AR/CO%20Ocean
2026-04-24 23:30,1,Alpha Funk,La Sonrisa Del Payaso,🚀 Auto,5,https://www.google.com/search?q=Alpha%20Funk%20La%20Sonrisa%20Del%20Payaso,https://www.beatport.com/search?q=Alpha%20Funk%20La%20Sonrisa%20Del%20Payaso
2026-04-24 23:28,2,Andre Salmon,Verkro,🚀 Auto,5,https://www.google.com/search?q=Andre%20Salmon%20Verkro,https://www.beatport.com/search?q=Andre%20Salmon%20Verkro
2026-04-24 23:27,2,Marten Hørger & Shift K3Y,Get Real High,🚀 Auto,5,https://www.google.com/search?q=Marten%20H%C3%B8rger%20%26%20Shift%20K3Y%20Get%20Real%20High,https://www.beatport.com/search?q=Marten%20H%C3%B8rger%20%26%20Shift%20K3Y%20Get%20Real%20High
2026-04-24 23:24,2,Chris Lorenzo,Mami (feat. COBRAH),🚀 Auto,5,https://www.google.com/search?q=Chris%20Lorenzo%20Mami%20%28feat.%20COBRAH%29,https://www.beatport.com/search?q=Chris%20Lorenzo%20Mami%20%28feat.%20COBRAH%29
2026-04-24 23:22,2,Proppa,Always on Time,🚀 Auto,5,https://www.google.com/search?q=Proppa%20Always%20on%20Time,https://www.beatport.com/search?q=Proppa%20Always%20on%20Time
2026-04-24 23:20,1,Nitecc,Feeling Memories,🚀 Auto,5,https://www.google.com/search?q=Nitecc%20Feeling%20Memories,https://www.beatport.com/search?q=Nitecc%20Feeling%20Memories
2026-04-24 23:18,2,Tchami,After Life (feat. Stacy Barthe),🚀 Auto,5,https://www.google.com/search?q=Tchami%20After%20Life%20%28feat.%20Stacy%20Barthe%29,https://www.beatport.com/search?q=Tchami%20After%20Life%20%28feat.%20Stacy%20Barthe%29
2026-04-24 23:17,1,Inner City,Good Life (Remastered) [Dub Mix],🚀 Auto,5,https://www.google.com/search?q=Inner%20City%20Good%20Life%20%28Remastered%29%20%5BDub%20Mix%5D,https://www.beatport.com/search?q=Inner%20City%20Good%20Life%20%28Remastered%29%20%5BDub%20Mix%5D
2026-04-24 23:16,2,CID & Westend,Let Me Take You,🚀 Auto,5,https://www.google.com/search?q=CID%20%26%20Westend%20Let%20Me%20Take%20You,https://www.beatport.com/search?q=CID%20%26%20Westend%20Let%20Me%20Take%20You
2026-04-24 23:12,1,MK & Dom Dolla,Rhyme Dust,🚀 Auto,5,https://www.google.com/search?q=MK%20%26%20Dom%20Dolla%20Rhyme%20Dust,https://www.beatport.com/search?q=MK%20%26%20Dom%20Dolla%20Rhyme%20Dust
2026-04-24 23:09,2,Mason Flint,Feeling High,🚀 Auto,5,https://www.google.com/search?q=Mason%20Flint%20Feeling%20High,https://www.beatport.com/search?q=Mason%20Flint%20Feeling%20High
2026-04-24 23:07,2,PAWSA & The Adventures of Stevie V,Dirty Cash (Money Talks),🚀 Auto,5,https://www.google.com/search?q=PAWSA%20%26%20The%20Adventures%20of%20Stevie%20V%20Dirty%20Cash%20%28Money%20Talks%29,https://www.beatport.com/search?q=PAWSA%20%26%20The%20Adventures%20of%20Stevie%20V%20Dirty%20Cash%20%28Money%20Talks%29
2026-04-24 23:04,1,Chapter & Verse & Nevve,Cookin,🚀 Auto,5,https://www.google.com/search?q=Chapter%20%26%20Verse%20%26%20Nevve%20Cookin,https://www.beatport.com/search?q=Chapter%20%26%20Verse%20%26%20Nevve%20Cookin
2026-04-24 23:00,2,Tony Dark Eyes,Dirty Dancin (Mixed),🚀 Auto,5,https://www.google.com/search?q=Tony%20Dark%20Eyes%20Dirty%20Dancin%20%28Mixed%29,https://www.beatport.com/search?q=Tony%20Dark%20Eyes%20Dirty%20Dancin%20%28Mixed%29
2026-04-24 22:57,1,ON_1,ACID,🚀 Auto,5,https://www.google.com/search?q=ON_1%20ACID,https://www.beatport.com/search?q=ON_1%20ACID
2026-04-24 22:55,2,Blackdrumm,Mega Toma Madeirada,🚀 Auto,5,https://www.google.com/search?q=Blackdrumm%20Mega%20Toma%20Madeirada,https://www.beatport.com/search?q=Blackdrumm%20Mega%20Toma%20Madeirada
2026-04-24 22:54,2,DJ EL PATRON,MENINA DE VERMELHO,🚀 Auto,5,https://www.google.com/search?q=DJ%20EL%20PATRON%20MENINA%20DE%20VERMELHO,https://www.beatport.com/search?q=DJ%20EL%20PATRON%20MENINA%20DE%20VERMELHO
2026-04-24 22:51,1,John Summit & Gorgon City,Is Everybody Having Fun? (feat. rhys from the sticks),🚀 Auto,5,https://www.google.com/search?q=John%20Summit%20%26%20Gorgon%20City%20Is%20Everybody%20Having%20Fun%3F%20%28feat.%20rhys%20from%20the%20sticks%29,https://www.beatport.com/search?q=John%20Summit%20%26%20Gorgon%20City%20Is%20Everybody%20Having%20Fun%3F%20%28feat.%20rhys%20from%20the%20sticks%29
2026-04-24 22:48,2,Justė & Jon,Turn The Lights Off (with Jaxstyle) [HILLS & Dansyn Remix],🚀 Auto,5,https://www.google.com/search?q=Just%C4%97%20%26%20Jon%20Turn%20The%20Lights%20Off%20%28with%20Jaxstyle%29%20%5BHILLS%20%26%20Dansyn%20Remix%5D,https://www.beatport.com/search?q=Just%C4%97%20%26%20Jon%20Turn%20The%20Lights%20Off%20%28with%20Jaxstyle%29%20%5BHILLS%20%26%20Dansyn%20Remix%5D
2026-04-24 22:45,1,Biscits,Talk To Me,🚀 Auto,5,https://www.google.com/search?q=Biscits%20Talk%20To%20Me,https://www.beatport.com/search?q=Biscits%20Talk%20To%20Me
2026-04-24 22:41,2,Alex Now (ES),Get Wild (Extended Mix),🚀 Auto,5,https://www.google.com/search?q=Alex%20Now%20%28ES%29%20Get%20Wild%20%28Extended%20Mix%29,https://www.beatport.com/search?q=Alex%20Now%20%28ES%29%20Get%20Wild%20%28Extended%20Mix%29
2026-04-24 22:38,2,Fatboy Slim,The Rockafeller Skank (Jay Robinson Remix) [Radio Edit],🚀 Auto,5,https://www.google.com/search?q=Fatboy%20Slim%20The%20Rockafeller%20Skank%20%28Jay%20Robinson%20Remix%29%20%5BRadio%20Edit%5D,https://www.beatport.com/search?q=Fatboy%20Slim%20The%20Rockafeller%20Skank%20%28Jay%20Robinson%20Remix%29%20%5BRadio%20Edit%5D
2026-04-24 22:36,2,Dimitri Vegas & David Guetta,The Drop (feat. Azteck & Nicole Scherzinger) [Öwnboss Remix],🚀 Auto,5,https://www.google.com/search?q=Dimitri%20Vegas%20%26%20David%20Guetta%20The%20Drop%20%28feat.%20Azteck%20%26%20Nicole%20Scherzinger%29%20%5B%C3%96wnboss%20Remix%5D,https://www.beatport.com/search?q=Dimitri%20Vegas%20%26%20David%20Guetta%20The%20Drop%20%28feat.%20Azteck%20%26%20Nicole%20Scherzinger%29%20%5B%C3%96wnboss%20Remix%5D
2026-04-24 22:33,1,Steve Aoki & KREAM,LIES,🚀 Auto,5,https://www.google.com/search?q=Steve%20Aoki%20%26%20KREAM%20LIES,https://www.beatport.com/search?q=Steve%20Aoki%20%26%20KREAM%20LIES
2026-04-24 22:32,1,Avon Stringer & Jesse Rose,Pressure,🚀 Auto,5,https://www.google.com/search?q=Avon%20Stringer%20%26%20Jesse%20Rose%20Pressure,https://www.beatport.com/search?q=Avon%20Stringer%20%26%20Jesse%20Rose%20Pressure
2026-04-24 22:29,1,Öwnboss & SEVEK,Move Your Body (Extended Mix),🚀 Auto,5,https://www.google.com/search?q=%C3%96wnboss%20%26%20SEVEK%20Move%20Your%20Body%20%28Extended%20Mix%29,https://www.beatport.com/search?q=%C3%96wnboss%20%26%20SEVEK%20Move%20Your%20Body%20%28Extended%20Mix%29
2026-04-24 22:24,2,JayJay,Let's Take It Back (Extended Mix),🚀 Auto,5,https://www.google.com/search?q=JayJay%20Let%27s%20Take%20It%20Back%20%28Extended%20Mix%29,https://www.beatport.com/search?q=JayJay%20Let%27s%20Take%20It%20Back%20%28Extended%20Mix%29
2026-04-24 22:22,2,Riton,Sugar (feat. Soaky Siren),🚀 Auto,5,https://www.google.com/search?q=Riton%20Sugar%20%28feat.%20Soaky%20Siren%29,https://www.beatport.com/search?q=Riton%20Sugar%20%28feat.%20Soaky%20Siren%29
2026-04-24 22:21,1,Endor,Pump It Up,🚀 Auto,5,https://www.google.com/search?q=Endor%20Pump%20It%20Up,https://www.beatport.com/search?q=Endor%20Pump%20It%20Up
2026-04-24 22:20,1,CamelPhat & ARTBAT,For a Feeling (feat. RHODES),🚀 Auto,5,https://www.google.com/search?q=CamelPhat%20%26%20ARTBAT%20For%20a%20Feeling%20%28feat.%20RHODES%29,https://www.beatport.com/search?q=CamelPhat%20%26%20ARTBAT%20For%20a%20Feeling%20%28feat.%20RHODES%29
2026-04-24 22:19,2,Belters Only & Jazzy,Make Me Feel Good,🚀 Auto,5,https://www.google.com/search?q=Belters%20Only%20%26%20Jazzy%20Make%20Me%20Feel%20Good,https://www.beatport.com/search?q=Belters%20Only%20%26%20Jazzy%20Make%20Me%20Feel%20Good
2026-04-24 22:16,2,Joshwa,Magalenha (Extended Mix),🚀 Auto,5,https://www.google.com/search?q=Joshwa%20Magalenha%20%28Extended%20Mix%29,https://www.beatport.com/search?q=Joshwa%20Magalenha%20%28Extended%20Mix%29
2026-04-24 22:13,1,Nexboy,My Music,🚀 Auto,5,https://www.google.com/search?q=Nexboy%20My%20Music,https://www.beatport.com/search?q=Nexboy%20My%20Music
2026-04-24 22:10,1,HNTR,"Shook Ones, PT. III",🚀 Auto,5,https://www.google.com/search?q=HNTR%20Shook%20Ones%2C%20PT.%20III,https://www.beatport.com/search?q=HNTR%20Shook%20Ones%2C%20PT.%20III
2026-04-24 22:06,1,JUNTARO,Satisfied,🚀 Auto,5,https://www.google.com/search?q=JUNTARO%20Satisfied,https://www.beatport.com/search?q=JUNTARO%20Satisfied
2026-04-24 22:03,1,Mau P,Merther,🚀 Auto,5,https://www.google.com/search?q=Mau%20P%20Merther,https://www.beatport.com/search?q=Mau%20P%20Merther
2026-04-24 22:01,2,Guz,Gonna Be Mine (feat. Sydney Jo Jackson),🚀 Auto,5,https://www.google.com/search?q=Guz%20Gonna%20Be%20Mine%20%28feat.%20Sydney%20Jo%20Jackson%29,https://www.beatport.com/search?q=Guz%20Gonna%20Be%20Mine%20%28feat.%20Sydney%20Jo%20Jackson%29
2026-04-24 21:59,1,Joey Harmless,So Shady,🚀 Auto,5,https://www.google.com/search?q=Joey%20Harmless%20So%20Shady,https://www.beatport.com/search?q=Joey%20Harmless%20So%20Shady
2026-04-24 21:58,1,Alok & Hollaphonic,Sunglasses At Night,🚀 Auto,5,https://www.google.com/search?q=Alok%20%26%20Hollaphonic%20Sunglasses%20At%20Night,https://www.beatport.com/search?q=Alok%20%26%20Hollaphonic%20Sunglasses%20At%20Night
2026-04-24 21:54,2,Cedric Gervais & FELIX,Don't You Want Me,🚀 Auto,5,https://www.google.com/search?q=Cedric%20Gervais%20%26%20FELIX%20Don%27t%20You%20Want%20Me,https://www.beatport.com/search?q=Cedric%20Gervais%20%26%20FELIX%20Don%27t%20You%20Want%20Me
2026-04-24 21:51,1,Damien N-Drix,Pump It,🚀 Auto,5,https://www.google.com/search?q=Damien%20N-Drix%20Pump%20It,https://www.beatport.com/search?q=Damien%20N-Drix%20Pump%20It
2026-04-24 21:49,2,GENESI,Everything You Have Done (Meduza Edit),🚀 Auto,5,https://www.google.com/search?q=GENESI%20Everything%20You%20Have%20Done%20%28Meduza%20Edit%29,https://www.beatport.com/search?q=GENESI%20Everything%20You%20Have%20Done%20%28Meduza%20Edit%29
2026-04-24 21:48,1,Donna Summer,I Feel Love,🚀 Auto,5,https://www.google.com/search?q=Donna%20Summer%20I%20Feel%20Love,https://www.beatport.com/search?q=Donna%20Summer%20I%20Feel%20Love
2026-04-24 21:46,2,Tita Lau,The Sequel,🚀 Auto,5,https://www.google.com/search?q=Tita%20Lau%20The%20Sequel,https://www.beatport.com/search?q=Tita%20Lau%20The%20Sequel
2026-04-24 21:46,1,Noe Bortolussi,GALACTICA #105 (DJ Set),🚀 Auto,5,https://www.google.com/search?q=Noe%20Bortolussi%20GALACTICA%20%23105%20%28DJ%20Set%29,https://www.beatport.com/search?q=Noe%20Bortolussi%20GALACTICA%20%23105%20%28DJ%20Set%29
2026-04-24 21:44,1,TooManyLeftHands & Chico Rose,Play My Jam,🚀 Auto,5,https://www.google.com/search?q=TooManyLeftHands%20%26%20Chico%20Rose%20Play%20My%20Jam,https://www.beatport.com/search?q=TooManyLeftHands%20%26%20Chico%20Rose%20Play%20My%20Jam
2026-04-24 21:40,2,FISHER,Losing It,🚀 Auto,5,https://www.google.com/search?q=FISHER%20Losing%20It,https://www.beatport.com/search?q=FISHER%20Losing%20It
2026-04-24 21:37,1,Marten Hørger,Take Me High (Extended Mix),🚀 Auto,5,https://www.google.com/search?q=Marten%20H%C3%B8rger%20Take%20Me%20High%20%28Extended%20Mix%29,https://www.beatport.com/search?q=Marten%20H%C3%B8rger%20Take%20Me%20High%20%28Extended%20Mix%29
2026-04-24 21:34,1,Joel Corry & Ron Carroll,Nikes,🚀 Auto,5,https://www.google.com/search?q=Joel%20Corry%20%26%20Ron%20Carroll%20Nikes,https://www.beatport.com/search?q=Joel%20Corry%20%26%20Ron%20Carroll%20Nikes
2026-04-24 21:33,1,KREAM & Millean.,What You've Done To Me (feat. Bemendé),🚀 Auto,5,https://www.google.com/search?q=KREAM%20%26%20Millean.%20What%20You%27ve%20Done%20To%20Me%20%28feat.%20Bemend%C3%A9%29,https://www.beatport.com/search?q=KREAM%20%26%20Millean.%20What%20You%27ve%20Done%20To%20Me%20%28feat.%20Bemend%C3%A9%29
2026-04-24 21:32,2,"Cody Schneida, Giuliano & Somerset",Loud Mouth,🚀 Auto,5,https://www.google.com/search?q=Cody%20Schneida%2C%20Giuliano%20%26%20Somerset%20Loud%20Mouth,https://www.beatport.com/search?q=Cody%20Schneida%2C%20Giuliano%20%26%20Somerset%20Loud%20Mouth
2026-04-24 21:29,1,Pickle,Tipsy,🚀 Auto,5,https://www.google.com/search?q=Pickle%20Tipsy,https://www.beatport.com/search?q=Pickle%20Tipsy
2026-04-24 21:26,2,"kstko, 1MO & SSGKobe",what's the move,🚀 Auto,5,https://www.google.com/search?q=kstko%2C%201MO%20%26%20SSGKobe%20what%27s%20the%20move,https://www.beatport.com/search?q=kstko%2C%201MO%20%26%20SSGKobe%20what%27s%20the%20move
2026-04-24 21:25,1,Mala Ika,Es Regnet Ueberall (Musumeci Remix),🚀 Auto,5,https://www.google.com/search?q=Mala%20Ika%20Es%20Regnet%20Ueberall%20%28Musumeci%20Remix%29,https://www.beatport.com/search?q=Mala%20Ika%20Es%20Regnet%20Ueberall%20%28Musumeci%20Remix%29
2026-04-24 21:21,1,Deniz Koyu,Blacklight,🚀 Auto,5,https://www.google.com/search?q=Deniz%20Koyu%20Blacklight,https://www.beatport.com/search?q=Deniz%20Koyu%20Blacklight
2026-04-24 20:51,1,Kerri Chandler,Atmosphere (The Lost Dubs),🚀 Auto,5,https://www.google.com/search?q=Kerri%20Chandler%20Atmosphere%20%28The%20Lost%20Dubs%29,https://www.beatport.com/search?q=Kerri%20Chandler%20Atmosphere%20%28The%20Lost%20Dubs%29
2026-04-24 20:50,1,Chicane,Saltwater (feat. Moya Brennan),🚀 Auto,5,https://www.google.com/search?q=Chicane%20Saltwater%20%28feat.%20Moya%20Brennan%29,https://www.beatport.com/search?q=Chicane%20Saltwater%20%28feat.%20Moya%20Brennan%29
2026-04-24 20:49,2,Bless You,Give It to Me,🚀 Auto,5,https://www.google.com/search?q=Bless%20You%20Give%20It%20to%20Me,https://www.beatport.com/search?q=Bless%20You%20Give%20It%20to%20Me
2026-04-24 20:49,1,FREAK ON,I Don't Wanna Know,🚀 Auto,5,https://www.google.com/search?q=FREAK%20ON%20I%20Don%27t%20Wanna%20Know,https://www.beatport.com/search?q=FREAK%20ON%20I%20Don%27t%20Wanna%20Know
2026-04-24 20:48,1,Eelke Kleijn,Transmission (Joris Voorn Remix),🚀 Auto,5,https://www.google.com/search?q=Eelke%20Kleijn%20Transmission%20%28Joris%20Voorn%20Remix%29,https://www.beatport.com/search?q=Eelke%20Kleijn%20Transmission%20%28Joris%20Voorn%20Remix%29
2026-04-24 20:46,1,ArtLec,Back to U (Extended Mix),🚀 Auto,5,https://www.google.com/search?q=ArtLec%20Back%20to%20U%20%28Extended%20Mix%29,https://www.beatport.com/search?q=ArtLec%20Back%20to%20U%20%28Extended%20Mix%29
2026-04-24 20:45,1,Gillette & 20 Fingers,"Short, Short Man",🚀 Auto,5,https://www.google.com/search?q=Gillette%20%26%2020%20Fingers%20Short%2C%20Short%20Man,https://www.beatport.com/search?q=Gillette%20%26%2020%20Fingers%20Short%2C%20Short%20Man
2026-04-24 20:44,2,Ricky Sinz,Riders,🚀 Auto,5,https://www.google.com/search?q=Ricky%20Sinz%20Riders,https://www.beatport.com/search?q=Ricky%20Sinz%20Riders
2026-04-24 20:42,2,Luca Bertoni,Hollaback Girl,🚀 Auto,5,https://www.google.com/search?q=Luca%20Bertoni%20Hollaback%20Girl,https://www.beatport.com/search?q=Luca%20Bertoni%20Hollaback%20Girl
2026-04-24 20:40,2,"Joel Corry, Sidney Samson & PAJANE",Riverside MF,🚀 Auto,5,https://www.google.com/search?q=Joel%20Corry%2C%20Sidney%20Samson%20%26%20PAJANE%20Riverside%20MF,https://www.beatport.com/search?q=Joel%20Corry%2C%20Sidney%20Samson%20%26%20PAJANE%20Riverside%20MF
2026-04-24 20:40,2,Sidney Samson,Riverside (Let's Go!) [feat. Wizard Sleeve] [Dirty Extended Mix],🚀 Auto,5,https://www.google.com/search?q=Sidney%20Samson%20Riverside%20%28Let%27s%20Go%21%29%20%5Bfeat.%20Wizard%20Sleeve%5D%20%5BDirty%20Extended%20Mix%5D,https://www.beatport.com/search?q=Sidney%20Samson%20Riverside%20%28Let%27s%20Go%21%29%20%5Bfeat.%20Wizard%20Sleeve%5D%20%5BDirty%20Extended%20Mix%5D
2026-04-24 20:39,1,Fedde Le Grand,Put Your Hands up for Detroit (Pa Mix),🚀 Auto,5,https://www.google.com/search?q=Fedde%20Le%20Grand%20Put%20Your%20Hands%20up%20for%20Detroit%20%28Pa%20Mix%29,https://www.beatport.com/search?q=Fedde%20Le%20Grand%20Put%20Your%20Hands%20up%20for%20Detroit%20%28Pa%20Mix%29
2026-04-24 20:38,2,ESSE,Detroit,🚀 Auto,5,https://www.google.com/search?q=ESSE%20Detroit,https://www.beatport.com/search?q=ESSE%20Detroit
2026-04-24 20:37,2,Candy Knievel,Spiritual,🚀 Auto,5,https://www.google.com/search?q=Candy%20Knievel%20Spiritual,https://www.beatport.com/search?q=Candy%20Knievel%20Spiritual
2026-04-24 20:34,2,Zaark,Move It,🚀 Auto,5,https://www.google.com/search?q=Zaark%20Move%20It,https://www.beatport.com/search?q=Zaark%20Move%20It
2026-04-24 20:31,2,Tiësto & Sevenn,BOOM (feat. Gucci Mane),🚀 Auto,5,https://www.google.com/search?q=Ti%C3%ABsto%20%26%20Sevenn%20BOOM%20%28feat.%20Gucci%20Mane%29,https://www.beatport.com/search?q=Ti%C3%ABsto%20%26%20Sevenn%20BOOM%20%28feat.%20Gucci%20Mane%29
2026-04-24 20:28,2,Loud Luxury & Hook N Sling,Afterparty,🚀 Auto,5,https://www.google.com/search?q=Loud%20Luxury%20%26%20Hook%20N%20Sling%20Afterparty,https://www.beatport.com/search?q=Loud%20Luxury%20%26%20Hook%20N%20Sling%20Afterparty
2026-04-24 20:28,3,Enzo Siragusa & Nima Gorji,Foreal (Seb Zito Remix),🚀 Auto,5,https://www.google.com/search?q=Enzo%20Siragusa%20%26%20Nima%20Gorji%20Foreal%20%28Seb%20Zito%20Remix%29,https://www.beatport.com/search?q=Enzo%20Siragusa%20%26%20Nima%20Gorji%20Foreal%20%28Seb%20Zito%20Remix%29
2026-04-24 20:25,2,Gil Everest,Anybody Else (feat. Lady Bee),🚀 Auto,5,https://www.google.com/search?q=Gil%20Everest%20Anybody%20Else%20%28feat.%20Lady%20Bee%29,https://www.beatport.com/search?q=Gil%20Everest%20Anybody%20Else%20%28feat.%20Lady%20Bee%29
2026-04-24 20:21,2,LEFTI,All 4 U (Extended Mix),🚀 Auto,5,https://www.google.com/search?q=LEFTI%20All%204%20U%20%28Extended%20Mix%29,https://www.beatport.com/search?q=LEFTI%20All%204%20U%20%28Extended%20Mix%29
2026-04-24 20:20,1,AVISION,Big Shot (Paco Osuna Remix),🚀 Auto,5,https://www.google.com/search?q=AVISION%20Big%20Shot%20%28Paco%20Osuna%20Remix%29,https://www.beatport.com/search?q=AVISION%20Big%20Shot%20%28Paco%20Osuna%20Remix%29
2026-04-24 20:17,1,Leftwing : Kody & Hayley May,Bring the Heat (Extended Mix),🚀 Auto,5,https://www.google.com/search?q=Leftwing%20%3A%20Kody%20%26%20Hayley%20May%20Bring%20the%20Heat%20%28Extended%20Mix%29,https://www.beatport.com/search?q=Leftwing%20%3A%20Kody%20%26%20Hayley%20May%20Bring%20the%20Heat%20%28Extended%20Mix%29
2026-04-24 20:14,2,Gorillaz,New Gold (feat. Tame Impala and Bootie Brown) [Dom Dolla Remix],🚀 Auto,5,https://www.google.com/search?q=Gorillaz%20New%20Gold%20%28feat.%20Tame%20Impala%20and%20Bootie%20Brown%29%20%5BDom%20Dolla%20Remix%5D,https://www.beatport.com/search?q=Gorillaz%20New%20Gold%20%28feat.%20Tame%20Impala%20and%20Bootie%20Brown%29%20%5BDom%20Dolla%20Remix%5D
2026-04-24 20:10,2,KREAM,So Hï,🚀 Auto,5,https://www.google.com/search?q=KREAM%20So%20H%C3%AF,https://www.beatport.com/search?q=KREAM%20So%20H%C3%AF
2026-04-24 20:07,2,Volkoder,Act Up (Bad Boy),🚀 Auto,5,https://www.google.com/search?q=Volkoder%20Act%20Up%20%28Bad%20Boy%29,https://www.beatport.com/search?q=Volkoder%20Act%20Up%20%28Bad%20Boy%29
2026-04-24 20:04,2,"Disco Lines, J. Worra & Anabel Englund",Cutting Loose,🚀 Auto,5,https://www.google.com/search?q=Disco%20Lines%2C%20J.%20Worra%20%26%20Anabel%20Englund%20Cutting%20Loose,https://www.beatport.com/search?q=Disco%20Lines%2C%20J.%20Worra%20%26%20Anabel%20Englund%20Cutting%20Loose
2026-04-24 20:01,1,Acraze & Paige Cavell,The Otherside,🚀 Auto,5,https://www.google.com/search?q=Acraze%20%26%20Paige%20Cavell%20The%20Otherside,https://www.beatport.com/search?q=Acraze%20%26%20Paige%20Cavell%20The%20Otherside
2026-04-24 19:58,2,PBH & JACK & Sash Sings,Jealousy,🚀 Auto,5,https://www.google.com/search?q=PBH%20%26%20JACK%20%26%20Sash%20Sings%20Jealousy,https://www.beatport.com/search?q=PBH%20%26%20JACK%20%26%20Sash%20Sings%20Jealousy
2026-04-24 19:58,1,Joeski & Gorge,Jogo,🚀 Auto,5,https://www.google.com/search?q=Joeski%20%26%20Gorge%20Jogo,https://www.beatport.com/search?q=Joeski%20%26%20Gorge%20Jogo
2026-04-24 19:55,1,Jaceo,Ho-Up,🚀 Auto,5,https://www.google.com/search?q=Jaceo%20Ho-Up,https://www.beatport.com/search?q=Jaceo%20Ho-Up
2026-04-24 19:55,2,Vice,Bump Bump Bump,🚀 Auto,5,https://www.google.com/search?q=Vice%20Bump%20Bump%20Bump,https://www.beatport.com/search?q=Vice%20Bump%20Bump%20Bump
2026-04-24 19:52,2,Martin Ikin,Sometimes,🚀 Auto,5,https://www.google.com/search?q=Martin%20Ikin%20Sometimes,https://www.beatport.com/search?q=Martin%20Ikin%20Sometimes
2026-04-24 19:49,2,twocolors,NOT YOURS (TC/TC),🚀 Auto,5,https://www.google.com/search?q=twocolors%20NOT%20YOURS%20%28TC/TC%29,https://www.beatport.com/search?q=twocolors%20NOT%20YOURS%20%28TC/TC%29
2026-04-24 19:47,1,Ofenbach & Fabich,Dip It Low,🚀 Auto,5,https://www.google.com/search?q=Ofenbach%20%26%20Fabich%20Dip%20It%20Low,https://www.beatport.com/search?q=Ofenbach%20%26%20Fabich%20Dip%20It%20Low
2026-04-24 19:44,2,Gold 88,Push It (Extended Mix),🚀 Auto,5,https://www.google.com/search?q=Gold%2088%20Push%20It%20%28Extended%20Mix%29,https://www.beatport.com/search?q=Gold%2088%20Push%20It%20%28Extended%20Mix%29
2026-04-24 19:41,1,Muzzaik,Why Should I,🚀 Auto,5,https://www.google.com/search?q=Muzzaik%20Why%20Should%20I,https://www.beatport.com/search?q=Muzzaik%20Why%20Should%20I
2026-04-24 19:38,1,Alok,Always Feel Like,🚀 Auto,5,https://www.google.com/search?q=Alok%20Always%20Feel%20Like,https://www.beatport.com/search?q=Alok%20Always%20Feel%20Like
2026-04-24 19:36,2,John Summit,La Danza,🚀 Auto,5,https://www.google.com/search?q=John%20Summit%20La%20Danza,https://www.beatport.com/search?q=John%20Summit%20La%20Danza
2026-04-24 19:33,1,Marten Hørger,No Matter,🚀 Auto,5,https://www.google.com/search?q=Marten%20H%C3%B8rger%20No%20Matter,https://www.beatport.com/search?q=Marten%20H%C3%B8rger%20No%20Matter
2026-04-24 19:32,1,So Inagawa,Logo Queen,🚀 Auto,5,https://www.google.com/search?q=So%20Inagawa%20Logo%20Queen,https://www.beatport.com/search?q=So%20Inagawa%20Logo%20Queen
2026-04-24 19:30,1,Stereoheadz,DJs Make You Move,🚀 Auto,5,https://www.google.com/search?q=Stereoheadz%20DJs%20Make%20You%20Move,https://www.beatport.com/search?q=Stereoheadz%20DJs%20Make%20You%20Move
2026-04-24 19:29,2,Biscits & Tobehonest,I Am the One,🚀 Auto,5,https://www.google.com/search?q=Biscits%20%26%20Tobehonest%20I%20Am%20the%20One,https://www.beatport.com/search?q=Biscits%20%26%20Tobehonest%20I%20Am%20the%20One
2026-04-24 19:26,2,BIJOU & WIN WIN,GO GO GO,🚀 Auto,5,https://www.google.com/search?q=BIJOU%20%26%20WIN%20WIN%20GO%20GO%20GO,https://www.beatport.com/search?q=BIJOU%20%26%20WIN%20WIN%20GO%20GO%20GO
2026-04-24 19:23,1,Bingo Players,Cry (Just a Little) [Radio Mix],🚀 Auto,5,https://www.google.com/search?q=Bingo%20Players%20Cry%20%28Just%20a%20Little%29%20%5BRadio%20Mix%5D,https://www.beatport.com/search?q=Bingo%20Players%20Cry%20%28Just%20a%20Little%29%20%5BRadio%20Mix%5D
2026-04-24 19:21,1,Dj Luane,Messy,🚀 Auto,5,https://www.google.com/search?q=Dj%20Luane%20Messy,https://www.beatport.com/search?q=Dj%20Luane%20Messy
2026-04-24 19:18,1,Piero Pirupa,Life Plan (Extended Mix),🚀 Auto,5,https://www.google.com/search?q=Piero%20Pirupa%20Life%20Plan%20%28Extended%20Mix%29,https://www.beatport.com/search?q=Piero%20Pirupa%20Life%20Plan%20%28Extended%20Mix%29
2026-04-24 19:15,1,MEDUZA,Friends,🚀 Auto,5,https://www.google.com/search?q=MEDUZA%20Friends,https://www.beatport.com/search?q=MEDUZA%20Friends
2026-04-24 19:13,1,Swanky Tunes,I Love The Way You Move,🚀 Auto,5,https://www.google.com/search?q=Swanky%20Tunes%20I%20Love%20The%20Way%20You%20Move,https://www.beatport.com/search?q=Swanky%20Tunes%20I%20Love%20The%20Way%20You%20Move
2026-04-24 19:10,1,CID,Pass Out,🚀 Auto,5,https://www.google.com/search?q=CID%20Pass%20Out,https://www.beatport.com/search?q=CID%20Pass%20Out
2026-04-24 19:08,1,CASSIMM,Valerie,🚀 Auto,5,https://www.google.com/search?q=CASSIMM%20Valerie,https://www.beatport.com/search?q=CASSIMM%20Valerie
2026-04-24 19:04,1,Mau P,Drugs From Amsterdam,🚀 Auto,5,https://www.google.com/search?q=Mau%20P%20Drugs%20From%20Amsterdam,https://www.beatport.com/search?q=Mau%20P%20Drugs%20From%20Amsterdam
2026-04-24 19:01,1,Bondarev,Manshivaan,🚀 Auto,5,https://www.google.com/search?q=Bondarev%20Manshivaan,https://www.beatport.com/search?q=Bondarev%20Manshivaan
2026-04-24 19:01,1,Mosimann,Carol Of The Bells,🚀 Auto,5,https://www.google.com/search?q=Mosimann%20Carol%20Of%20The%20Bells,https://www.beatport.com/search?q=Mosimann%20Carol%20Of%20The%20Bells
2026-04-24 18:58,1,"SUBB, Diskover & Willa",Black Out,🚀 Auto,5,https://www.google.com/search?q=SUBB%2C%20Diskover%20%26%20Willa%20Black%20Out,https://www.beatport.com/search?q=SUBB%2C%20Diskover%20%26%20Willa%20Black%20Out
2026-04-24 18:57,1,SolyMar & Megamen,All I Need,🚀 Auto,5,https://www.google.com/search?q=SolyMar%20%26%20Megamen%20All%20I%20Need,https://www.beatport.com/search?q=SolyMar%20%26%20Megamen%20All%20I%20Need
2026-04-24 18:56,2,ZHU & BadWolf,Smoke Up In The Air,🚀 Auto,5,https://www.google.com/search?q=ZHU%20%26%20BadWolf%20Smoke%20Up%20In%20The%20Air,https://www.beatport.com/search?q=ZHU%20%26%20BadWolf%20Smoke%20Up%20In%20The%20Air
2026-04-24 17:12,1,SKILAH & RYUMA,Molotov,🚀 Auto,5,https://www.google.com/search?q=SKILAH%20%26%20RYUMA%20Molotov,https://www.beatport.com/search?q=SKILAH%20%26%20RYUMA%20Molotov
2026-04-24 17:09,2,Magnificence,Wanna Taste?,🚀 Auto,5,https://www.google.com/search?q=Magnificence%20Wanna%20Taste%3F,https://www.beatport.com/search?q=Magnificence%20Wanna%20Taste%3F
2026-04-24 17:08,3,Enzo Siragusa & Nima Gorji,Foreal (Seb Zito Remix),🚀 Auto,5,https://www.google.com/search?q=Enzo%20Siragusa%20%26%20Nima%20Gorji%20Foreal%20%28Seb%20Zito%20Remix%29,https://www.beatport.com/search?q=Enzo%20Siragusa%20%26%20Nima%20Gorji%20Foreal%20%28Seb%20Zito%20Remix%29
2026-04-24 17:07,1,Julien Fade,Stay,🚀 Auto,5,https://www.google.com/search?q=Julien%20Fade%20Stay,https://www.beatport.com/search?q=Julien%20Fade%20Stay
2026-04-24 17:07,2,Ricky Sinz,Riders,🚀 Auto,5,https://www.google.com/search?q=Ricky%20Sinz%20Riders,https://www.beatport.com/search?q=Ricky%20Sinz%20Riders
2026-04-24 17:06,1,DJ S.K.T,All Good,🚀 Auto,5,https://www.google.com/search?q=DJ%20S.K.T%20All%20Good,https://www.beatport.com/search?q=DJ%20S.K.T%20All%20Good
2026-04-24 17:04,1,M-Gee,Bodyswerve (feat. Mica Paris) [Club Mix],🚀 Auto,5,https://www.google.com/search?q=M-Gee%20Bodyswerve%20%28feat.%20Mica%20Paris%29%20%5BClub%20Mix%5D,https://www.beatport.com/search?q=M-Gee%20Bodyswerve%20%28feat.%20Mica%20Paris%29%20%5BClub%20Mix%5D
2026-04-24 17:04,2,Dave Summit,Thinkin' About You,🚀 Auto,5,https://www.google.com/search?q=Dave%20Summit%20Thinkin%27%20About%20You,https://www.beatport.com/search?q=Dave%20Summit%20Thinkin%27%20About%20You
2026-04-24 17:01,1,Laguna,Spiller from Rio (Extended Mix),🚀 Auto,5,https://www.google.com/search?q=Laguna%20Spiller%20from%20Rio%20%28Extended%20Mix%29,https://www.beatport.com/search?q=Laguna%20Spiller%20from%20Rio%20%28Extended%20Mix%29
2026-04-24 17:00,2,King Topher & MOYA,I Got Joy,🚀 Auto,5,https://www.google.com/search?q=King%20Topher%20%26%20MOYA%20I%20Got%20Joy,https://www.beatport.com/search?q=King%20Topher%20%26%20MOYA%20I%20Got%20Joy
2026-04-24 16:57,1,FISHER & Aatig,TAKE IT OFF,🚀 Auto,5,https://www.google.com/search?q=FISHER%20%26%20Aatig%20TAKE%20IT%20OFF,https://www.beatport.com/search?q=FISHER%20%26%20Aatig%20TAKE%20IT%20OFF
2026-04-24 16:54,1,"Kaskade, CID & Anabel Englund",Vision Blurred,🚀 Auto,5,https://www.google.com/search?q=Kaskade%2C%20CID%20%26%20Anabel%20Englund%20Vision%20Blurred,https://www.beatport.com/search?q=Kaskade%2C%20CID%20%26%20Anabel%20Englund%20Vision%20Blurred
2026-04-24 16:53,1,Greg Beato,Pma,🚀 Auto,5,https://www.google.com/search?q=Greg%20Beato%20Pma,https://www.beatport.com/search?q=Greg%20Beato%20Pma
2026-04-24 16:51,1,KREAM,Take Control,🚀 Auto,5,https://www.google.com/search?q=KREAM%20Take%20Control,https://www.beatport.com/search?q=KREAM%20Take%20Control
2026-04-24 16:49,1,Majestic,Tricky (feat. Autumn Rowe),🚀 Auto,5,https://www.google.com/search?q=Majestic%20Tricky%20%28feat.%20Autumn%20Rowe%29,https://www.beatport.com/search?q=Majestic%20Tricky%20%28feat.%20Autumn%20Rowe%29
2026-04-24 16:48,1,Mixed Signals 021 & Carta,Love Dancing (Extended Mix),🚀 Auto,5,https://www.google.com/search?q=Mixed%20Signals%20021%20%26%20Carta%20Love%20Dancing%20%28Extended%20Mix%29,https://www.beatport.com/search?q=Mixed%20Signals%20021%20%26%20Carta%20Love%20Dancing%20%28Extended%20Mix%29
2026-04-24 16:48,1,Stefano Russo,666,🚀 Auto,5,https://www.google.com/search?q=Stefano%20Russo%20666,https://www.beatport.com/search?q=Stefano%20Russo%20666
2026-04-24 16:47,1,Gareth Stirling,Wallop,🚀 Auto,5,https://www.google.com/search?q=Gareth%20Stirling%20Wallop,https://www.beatport.com/search?q=Gareth%20Stirling%20Wallop
2026-04-24 16:46,2,Qubiko,Talking to Myself (Extended Mix),🚀 Auto,5,https://www.google.com/search?q=Qubiko%20Talking%20to%20Myself%20%28Extended%20Mix%29,https://www.beatport.com/search?q=Qubiko%20Talking%20to%20Myself%20%28Extended%20Mix%29
2026-04-24 16:46,1,Elio Riso & Lucio Spain,Breaking Minds,🚀 Auto,5,https://www.google.com/search?q=Elio%20Riso%20%26%20Lucio%20Spain%20Breaking%20Minds,https://www.beatport.com/search?q=Elio%20Riso%20%26%20Lucio%20Spain%20Breaking%20Minds
2026-04-24 16:45,1,Makebo & Volen Sentir,Alchemist,🚀 Auto,5,https://www.google.com/search?q=Makebo%20%26%20Volen%20Sentir%20Alchemist,https://www.beatport.com/search?q=Makebo%20%26%20Volen%20Sentir%20Alchemist
2026-04-24 16:43,1,jeonghyeon & sino,The Block,🚀 Auto,5,https://www.google.com/search?q=jeonghyeon%20%26%20sino%20The%20Block,https://www.beatport.com/search?q=jeonghyeon%20%26%20sino%20The%20Block
2026-04-24 16:42,1,Wanderson XVR,Clocks (Extended),🚀 Auto,5,https://www.google.com/search?q=Wanderson%20XVR%20Clocks%20%28Extended%29,https://www.beatport.com/search?q=Wanderson%20XVR%20Clocks%20%28Extended%29
2026-04-24 16:40,2,Proppa,Always on Time,🚀 Auto,5,https://www.google.com/search?q=Proppa%20Always%20on%20Time,https://www.beatport.com/search?q=Proppa%20Always%20on%20Time
2026-04-24 16:37,1,Tom Hades,Subbed,🚀 Auto,5,https://www.google.com/search?q=Tom%20Hades%20Subbed,https://www.beatport.com/search?q=Tom%20Hades%20Subbed
2026-04-24 16:37,2,Chris Lorenzo,Mami (feat. COBRAH),🚀 Auto,5,https://www.google.com/search?q=Chris%20Lorenzo%20Mami%20%28feat.%20COBRAH%29,https://www.beatport.com/search?q=Chris%20Lorenzo%20Mami%20%28feat.%20COBRAH%29
2026-04-24 16:33,2,Martin Ikin & Hayley May,Rush (Extended Mix),🚀 Auto,5,https://www.google.com/search?q=Martin%20Ikin%20%26%20Hayley%20May%20Rush%20%28Extended%20Mix%29,https://www.beatport.com/search?q=Martin%20Ikin%20%26%20Hayley%20May%20Rush%20%28Extended%20Mix%29
2026-04-24 16:30,1,Conor Ross,Lift,🚀 Auto,5,https://www.google.com/search?q=Conor%20Ross%20Lift,https://www.beatport.com/search?q=Conor%20Ross%20Lift
2026-04-24 16:28,1,Ion Ludwig,Classilion,🚀 Auto,5,https://www.google.com/search?q=Ion%20Ludwig%20Classilion,https://www.beatport.com/search?q=Ion%20Ludwig%20Classilion
2026-04-24 16:27,1,MEDUZA & James Carter,Bad Memories (feat. Elley Duhé & FAST BOY),🚀 Auto,5,https://www.google.com/search?q=MEDUZA%20%26%20James%20Carter%20Bad%20Memories%20%28feat.%20Elley%20Duh%C3%A9%20%26%20FAST%20BOY%29,https://www.beatport.com/search?q=MEDUZA%20%26%20James%20Carter%20Bad%20Memories%20%28feat.%20Elley%20Duh%C3%A9%20%26%20FAST%20BOY%29
2026-04-24 16:24,1,Dom Dolla & Nelly Furtado,Eat Your Man,🚀 Auto,5,https://www.google.com/search?q=Dom%20Dolla%20%26%20Nelly%20Furtado%20Eat%20Your%20Man,https://www.beatport.com/search?q=Dom%20Dolla%20%26%20Nelly%20Furtado%20Eat%20Your%20Man
2026-04-24 16:21,1,Dubdogz,Don't Be Fooled (Club Mix),🚀 Auto,5,https://www.google.com/search?q=Dubdogz%20Don%27t%20Be%20Fooled%20%28Club%20Mix%29,https://www.beatport.com/search?q=Dubdogz%20Don%27t%20Be%20Fooled%20%28Club%20Mix%29
2026-04-24 16:19,1,Lance Savali,Move Ya Body,🚀 Auto,5,https://www.google.com/search?q=Lance%20Savali%20Move%20Ya%20Body,https://www.beatport.com/search?q=Lance%20Savali%20Move%20Ya%20Body
2026-04-24 16:16,1,"Mr. Belt & Wezol, Bendah & LIMITED LIFE",I Feel Love (Extended Mix),🚀 Auto,5,https://www.google.com/search?q=Mr.%20Belt%20%26%20Wezol%2C%20Bendah%20%26%20LIMITED%20LIFE%20I%20Feel%20Love%20%28Extended%20Mix%29,https://www.beatport.com/search?q=Mr.%20Belt%20%26%20Wezol%2C%20Bendah%20%26%20LIMITED%20LIFE%20I%20Feel%20Love%20%28Extended%20Mix%29
2026-04-24 16:13,2,DUSTYCLOUD,All On You,🚀 Auto,5,https://www.google.com/search?q=DUSTYCLOUD%20All%20On%20You,https://www.beatport.com/search?q=DUSTYCLOUD%20All%20On%20You
2026-04-24 16:11,1,DJ Susan & TT The Artist,VIP,🚀 Auto,5,https://www.google.com/search?q=DJ%20Susan%20%26%20TT%20The%20Artist%20VIP,https://www.beatport.com/search?q=DJ%20Susan%20%26%20TT%20The%20Artist%20VIP
2026-04-24 16:07,2,Mason Flint,Feeling High,🚀 Auto,5,https://www.google.com/search?q=Mason%20Flint%20Feeling%20High,https://www.beatport.com/search?q=Mason%20Flint%20Feeling%20High
2026-04-24 16:02,1,Yanoy,Knee Deep,🚀 Auto,5,https://www.google.com/search?q=Yanoy%20Knee%20Deep,https://www.beatport.com/search?q=Yanoy%20Knee%20Deep
2026-04-24 15:59,2,Justė & Jon,Turn The Lights Off (with Jaxstyle) [HILLS & Dansyn Remix],🚀 Auto,5,https://www.google.com/search?q=Just%C4%97%20%26%20Jon%20Turn%20The%20Lights%20Off%20%28with%20Jaxstyle%29%20%5BHILLS%20%26%20Dansyn%20Remix%5D,https://www.beatport.com/search?q=Just%C4%97%20%26%20Jon%20Turn%20The%20Lights%20Off%20%28with%20Jaxstyle%29%20%5BHILLS%20%26%20Dansyn%20Remix%5D
2026-04-24 15:56,2,John Summit,EAT THE BASS,🚀 Auto,5,https://www.google.com/search?q=John%20Summit%20EAT%20THE%20BASS,https://www.beatport.com/search?q=John%20Summit%20EAT%20THE%20BASS
2026-04-24 15:55,1,Liu,Be Real,🚀 Auto,5,https://www.google.com/search?q=Liu%20Be%20Real,https://www.beatport.com/search?q=Liu%20Be%20Real
2026-04-24 15:54,1,Global Deejays,What A Feeling (House Radio Edit),🚀 Auto,5,https://www.google.com/search?q=Global%20Deejays%20What%20A%20Feeling%20%28House%20Radio%20Edit%29,https://www.beatport.com/search?q=Global%20Deejays%20What%20A%20Feeling%20%28House%20Radio%20Edit%29
2026-04-24 15:53,1,Barry Can't Swim,How It Feels,🚀 Auto,5,https://www.google.com/search?q=Barry%20Can%27t%20Swim%20How%20It%20Feels,https://www.beatport.com/search?q=Barry%20Can%27t%20Swim%20How%20It%20Feels
2026-04-24 15:51,1,Cat Dealers & Masked Wolf,OVER & OVER,🚀 Auto,5,https://www.google.com/search?q=Cat%20Dealers%20%26%20Masked%20Wolf%20OVER%20%26%20OVER,https://www.beatport.com/search?q=Cat%20Dealers%20%26%20Masked%20Wolf%20OVER%20%26%20OVER
2026-04-24 15:49,1,KØØBA,Stimulation In The Air,🚀 Auto,5,https://www.google.com/search?q=K%C3%98%C3%98BA%20Stimulation%20In%20The%20Air,https://www.beatport.com/search?q=K%C3%98%C3%98BA%20Stimulation%20In%20The%20Air
2026-04-24 15:47,1,Ship Wrek,Stimulate,🚀 Auto,5,https://www.google.com/search?q=Ship%20Wrek%20Stimulate,https://www.beatport.com/search?q=Ship%20Wrek%20Stimulate
2026-04-24 15:45,2,ESSEL & James Hurr,Hit 'Em Up Style (Oops!),🚀 Auto,5,https://www.google.com/search?q=ESSEL%20%26%20James%20Hurr%20Hit%20%27Em%20Up%20Style%20%28Oops%21%29,https://www.beatport.com/search?q=ESSEL%20%26%20James%20Hurr%20Hit%20%27Em%20Up%20Style%20%28Oops%21%29
2026-04-24 15:41,1,Hollaphonic,Can't Get Enough,🚀 Auto,5,https://www.google.com/search?q=Hollaphonic%20Can%27t%20Get%20Enough,https://www.beatport.com/search?q=Hollaphonic%20Can%27t%20Get%20Enough
2026-04-24 15:38,2,Tchami,After Life (feat. Stacy Barthe),🚀 Auto,5,https://www.google.com/search?q=Tchami%20After%20Life%20%28feat.%20Stacy%20Barthe%29,https://www.beatport.com/search?q=Tchami%20After%20Life%20%28feat.%20Stacy%20Barthe%29
2026-04-24 15:37,2,Andre Salmon,Verkro,🚀 Auto,5,https://www.google.com/search?q=Andre%20Salmon%20Verkro,https://www.beatport.com/search?q=Andre%20Salmon%20Verkro
2026-04-24 15:36,2,Fur Coat,Spiral,🚀 Auto,5,https://www.google.com/search?q=Fur%20Coat%20Spiral,https://www.beatport.com/search?q=Fur%20Coat%20Spiral
2026-04-24 15:35,2,Alex Dolby & Santos,Raw Road (Carlo Lio Remix),🚀 Auto,5,https://www.google.com/search?q=Alex%20Dolby%20%26%20Santos%20Raw%20Road%20%28Carlo%20Lio%20Remix%29,https://www.beatport.com/search?q=Alex%20Dolby%20%26%20Santos%20Raw%20Road%20%28Carlo%20Lio%20Remix%29
2026-04-24 15:35,2,Marten Hørger & Shift K3Y,Get Real High,🚀 Auto,5,https://www.google.com/search?q=Marten%20H%C3%B8rger%20%26%20Shift%20K3Y%20Get%20Real%20High,https://www.beatport.com/search?q=Marten%20H%C3%B8rger%20%26%20Shift%20K3Y%20Get%20Real%20High
2026-04-24 15:33,1,Chrissy,Take Me Away,🚀 Auto,5,https://www.google.com/search?q=Chrissy%20Take%20Me%20Away,https://www.beatport.com/search?q=Chrissy%20Take%20Me%20Away
2026-04-24 15:33,1,SNBRN & FREAK ON,I Don't Think U Do (Extended Mix),🚀 Auto,5,https://www.google.com/search?q=SNBRN%20%26%20FREAK%20ON%20I%20Don%27t%20Think%20U%20Do%20%28Extended%20Mix%29,https://www.beatport.com/search?q=SNBRN%20%26%20FREAK%20ON%20I%20Don%27t%20Think%20U%20Do%20%28Extended%20Mix%29
2026-04-24 15:32,1,Винтаж,Ева (DJ Denis M Remix),🚀 Auto,5,https://www.google.com/search?q=%D0%92%D0%B8%D0%BD%D1%82%D0%B0%D0%B6%20%D0%95%D0%B2%D0%B0%20%28DJ%20Denis%20M%20Remix%29,https://www.beatport.com/search?q=%D0%92%D0%B8%D0%BD%D1%82%D0%B0%D0%B6%20%D0%95%D0%B2%D0%B0%20%28DJ%20Denis%20M%20Remix%29
2026-04-24 15:32,2,Maae,The Man,🚀 Auto,5,https://www.google.com/search?q=Maae%20The%20Man,https://www.beatport.com/search?q=Maae%20The%20Man
2026-04-24 15:31,1,Eli & Fur,Parfume (Dosem Remix),🚀 Auto,5,https://www.google.com/search?q=Eli%20%26%20Fur%20Parfume%20%28Dosem%20Remix%29,https://www.beatport.com/search?q=Eli%20%26%20Fur%20Parfume%20%28Dosem%20Remix%29
2026-04-24 15:29,1,David Guetta,Family Affair (Dance For Me),🚀 Auto,5,https://www.google.com/search?q=David%20Guetta%20Family%20Affair%20%28Dance%20For%20Me%29,https://www.beatport.com/search?q=David%20Guetta%20Family%20Affair%20%28Dance%20For%20Me%29
2026-04-24 15:26,1,Cotone,What You Want,🚀 Auto,5,https://www.google.com/search?q=Cotone%20What%20You%20Want,https://www.beatport.com/search?q=Cotone%20What%20You%20Want
2026-04-24 15:24,1,HOLA!,On the Floor (Extended Mix),🚀 Auto,5,https://www.google.com/search?q=HOLA%21%20On%20the%20Floor%20%28Extended%20Mix%29,https://www.beatport.com/search?q=HOLA%21%20On%20the%20Floor%20%28Extended%20Mix%29
2026-04-24 15:20,3,Mau P,Like I Like It,🚀 Auto,5,https://www.google.com/search?q=Mau%20P%20Like%20I%20Like%20It,https://www.beatport.com/search?q=Mau%20P%20Like%20I%20Like%20It
2026-04-24 15:19,1,Paul Morena,Here Goes,🚀 Auto,5,https://www.google.com/search?q=Paul%20Morena%20Here%20Goes,https://www.beatport.com/search?q=Paul%20Morena%20Here%20Goes
2026-04-24 15:16,1,WILL K,Hot Off The Press,🚀 Auto,5,https://www.google.com/search?q=WILL%20K%20Hot%20Off%20The%20Press,https://www.beatport.com/search?q=WILL%20K%20Hot%20Off%20The%20Press
2026-04-24 15:14,1,James Hype,Wild,🚀 Auto,5,https://www.google.com/search?q=James%20Hype%20Wild,https://www.beatport.com/search?q=James%20Hype%20Wild
2026-04-24 15:11,1,Nexboy,My Music (Extended Mix),🚀 Auto,5,https://www.google.com/search?q=Nexboy%20My%20Music%20%28Extended%20Mix%29,https://www.beatport.com/search?q=Nexboy%20My%20Music%20%28Extended%20Mix%29
2026-04-24 15:10,2,Blackdrumm,Mega Toma Madeirada,🚀 Auto,5,https://www.google.com/search?q=Blackdrumm%20Mega%20Toma%20Madeirada,https://www.beatport.com/search?q=Blackdrumm%20Mega%20Toma%20Madeirada
2026-04-24 15:09,1,DJ Gouveia & Dj Deivão,Pow Pow na Pepekinha,🚀 Auto,5,https://www.google.com/search?q=DJ%20Gouveia%20%26%20Dj%20Deiv%C3%A3o%20Pow%20Pow%20na%20Pepekinha,https://www.beatport.com/search?q=DJ%20Gouveia%20%26%20Dj%20Deiv%C3%A3o%20Pow%20Pow%20na%20Pepekinha
2026-04-24 15:08,2,DJ EL PATRON,MENINA DE VERMELHO,🚀 Auto,5,https://www.google.com/search?q=DJ%20EL%20PATRON%20MENINA%20DE%20VERMELHO,https://www.beatport.com/search?q=DJ%20EL%20PATRON%20MENINA%20DE%20VERMELHO
2026-04-24 15:08,1,3Beat,Pow Pow,🚀 Auto,5,https://www.google.com/search?q=3Beat%20Pow%20Pow,https://www.beatport.com/search?q=3Beat%20Pow%20Pow
2026-04-24 15:05,1,Tiga,Mind Dimension (Adam Sellouk Remix),🚀 Auto,5,https://www.google.com/search?q=Tiga%20Mind%20Dimension%20%28Adam%20Sellouk%20Remix%29,https://www.beatport.com/search?q=Tiga%20Mind%20Dimension%20%28Adam%20Sellouk%20Remix%29
2026-04-24 15:03,1,Alok,Jumpin' Jumpin',🚀 Auto,5,https://www.google.com/search?q=Alok%20Jumpin%27%20Jumpin%27,https://www.beatport.com/search?q=Alok%20Jumpin%27%20Jumpin%27
2026-04-24 14:59,1,Max Styler,Kiki,🚀 Auto,5,https://www.google.com/search?q=Max%20Styler%20Kiki,https://www.beatport.com/search?q=Max%20Styler%20Kiki
2026-04-24 14:59,2,Tony Dark Eyes,Dirty Dancin (Mixed),🚀 Auto,5,https://www.google.com/search?q=Tony%20Dark%20Eyes%20Dirty%20Dancin%20%28Mixed%29,https://www.beatport.com/search?q=Tony%20Dark%20Eyes%20Dirty%20Dancin%20%28Mixed%29
2026-04-24 14:54,1,Crusy & Jem Cooke,Good to Go,🚀 Auto,5,https://www.google.com/search?q=Crusy%20%26%20Jem%20Cooke%20Good%20to%20Go,https://www.beatport.com/search?q=Crusy%20%26%20Jem%20Cooke%20Good%20to%20Go
2026-04-24 14:42,2,JayJay,Let's Take It Back (Extended Mix),🚀 Auto,5,https://www.google.com/search?q=JayJay%20Let%27s%20Take%20It%20Back%20%28Extended%20Mix%29,https://www.beatport.com/search?q=JayJay%20Let%27s%20Take%20It%20Back%20%28Extended%20Mix%29
2026-04-24 14:40,2,FISHER,Losing It,🚀 Auto,5,https://www.google.com/search?q=FISHER%20Losing%20It,https://www.beatport.com/search?q=FISHER%20Losing%20It
2026-04-24 14:31,2,SIDEPIECE,Fallin for You,🚀 Auto,5,https://www.google.com/search?q=SIDEPIECE%20Fallin%20for%20You,https://www.beatport.com/search?q=SIDEPIECE%20Fallin%20for%20You
2026-04-24 14:27,2,Cedric Gervais & FELIX,Don't You Want Me,🚀 Auto,5,https://www.google.com/search?q=Cedric%20Gervais%20%26%20FELIX%20Don%27t%20You%20Want%20Me,https://www.beatport.com/search?q=Cedric%20Gervais%20%26%20FELIX%20Don%27t%20You%20Want%20Me
2026-04-24 14:24,2,CID & Westend,Let Me Take You,🚀 Auto,5,https://www.google.com/search?q=CID%20%26%20Westend%20Let%20Me%20Take%20You,https://www.beatport.com/search?q=CID%20%26%20Westend%20Let%20Me%20Take%20You
2026-04-24 14:23,1,Dombresky,Dirty Secret,🚀 Auto,5,https://www.google.com/search?q=Dombresky%20Dirty%20Secret,https://www.beatport.com/search?q=Dombresky%20Dirty%20Secret
2026-04-24 14:20,2,Fatboy Slim,The Rockafeller Skank (Jay Robinson Remix) [Radio Edit],🚀 Auto,5,https://www.google.com/search?q=Fatboy%20Slim%20The%20Rockafeller%20Skank%20%28Jay%20Robinson%20Remix%29%20%5BRadio%20Edit%5D,https://www.beatport.com/search?q=Fatboy%20Slim%20The%20Rockafeller%20Skank%20%28Jay%20Robinson%20Remix%29%20%5BRadio%20Edit%5D
2026-04-24 14:18,1,Angel Stoxx,Breadholes (Stefano Kosa Remix),🚀 Auto,5,https://www.google.com/search?q=Angel%20Stoxx%20Breadholes%20%28Stefano%20Kosa%20Remix%29,https://www.beatport.com/search?q=Angel%20Stoxx%20Breadholes%20%28Stefano%20Kosa%20Remix%29
2026-04-24 14:17,1,Martin Badder,Coming Back to You,🚀 Auto,5,https://www.google.com/search?q=Martin%20Badder%20Coming%20Back%20to%20You,https://www.beatport.com/search?q=Martin%20Badder%20Coming%20Back%20to%20You
2026-04-24 14:12,2,Rnbstylerz,Like Wooh Wooh,🚀 Auto,5,https://www.google.com/search?q=Rnbstylerz%20Like%20Wooh%20Wooh,https://www.beatport.com/search?q=Rnbstylerz%20Like%20Wooh%20Wooh
2026-04-24 14:10,1,The Archer,Secrets (Kimonos Remix),🚀 Auto,5,https://www.google.com/search?q=The%20Archer%20Secrets%20%28Kimonos%20Remix%29,https://www.beatport.com/search?q=The%20Archer%20Secrets%20%28Kimonos%20Remix%29
2026-04-24 14:09,1,DJ Joker,NOKIA (Tryoutsify Remix),🚀 Auto,5,https://www.google.com/search?q=DJ%20Joker%20NOKIA%20%28Tryoutsify%20Remix%29,https://www.beatport.com/search?q=DJ%20Joker%20NOKIA%20%28Tryoutsify%20Remix%29
2026-04-24 14:08,1,Cosmic Gate,The Truth 2.0,🚀 Auto,5,https://www.google.com/search?q=Cosmic%20Gate%20The%20Truth%202.0,https://www.beatport.com/search?q=Cosmic%20Gate%20The%20Truth%202.0
2026-04-24 14:04,2,Gorillaz,New Gold (feat. Tame Impala and Bootie Brown) [Dom Dolla Remix],🚀 Auto,5,https://www.google.com/search?q=Gorillaz%20New%20Gold%20%28feat.%20Tame%20Impala%20and%20Bootie%20Brown%29%20%5BDom%20Dolla%20Remix%5D,https://www.beatport.com/search?q=Gorillaz%20New%20Gold%20%28feat.%20Tame%20Impala%20and%20Bootie%20Brown%29%20%5BDom%20Dolla%20Remix%5D
2026-04-24 14:00,2,KREAM,So Hï,🚀 Auto,5,https://www.google.com/search?q=KREAM%20So%20H%C3%AF,https://www.beatport.com/search?q=KREAM%20So%20H%C3%AF
2026-04-24 13:48,1,Öwnboss & SEVEK,Move Your Body (One Foot Skank) [feat. Majestic & Local] [Extended Mix],🚀 Auto,5,https://www.google.com/search?q=%C3%96wnboss%20%26%20SEVEK%20Move%20Your%20Body%20%28One%20Foot%20Skank%29%20%5Bfeat.%20Majestic%20%26%20Local%5D%20%5BExtended%20Mix%5D,https://www.beatport.com/search?q=%C3%96wnboss%20%26%20SEVEK%20Move%20Your%20Body%20%28One%20Foot%20Skank%29%20%5Bfeat.%20Majestic%20%26%20Local%5D%20%5BExtended%20Mix%5D
2026-04-24 13:47,2,Guz,Gonna Be Mine (feat. Sydney Jo Jackson),🚀 Auto,5,https://www.google.com/search?q=Guz%20Gonna%20Be%20Mine%20%28feat.%20Sydney%20Jo%20Jackson%29,https://www.beatport.com/search?q=Guz%20Gonna%20Be%20Mine%20%28feat.%20Sydney%20Jo%20Jackson%29
2026-04-24 13:43,1,Matroda,Temperature,🚀 Auto,5,https://www.google.com/search?q=Matroda%20Temperature,https://www.beatport.com/search?q=Matroda%20Temperature
2026-04-24 13:42,1,Marten Hørger,Take Me High,🚀 Auto,5,https://www.google.com/search?q=Marten%20H%C3%B8rger%20Take%20Me%20High,https://www.beatport.com/search?q=Marten%20H%C3%B8rger%20Take%20Me%20High
2026-04-24 13:34,2,Sam Smith & Kim Petras,Unholy (ACRAZE Remix),🚀 Auto,5,https://www.google.com/search?q=Sam%20Smith%20%26%20Kim%20Petras%20Unholy%20%28ACRAZE%20Remix%29,https://www.beatport.com/search?q=Sam%20Smith%20%26%20Kim%20Petras%20Unholy%20%28ACRAZE%20Remix%29
2026-04-24 13:32,1,House Victimz & Kaleido,Uthando (feat. Bonj),🚀 Auto,5,https://www.google.com/search?q=House%20Victimz%20%26%20Kaleido%20Uthando%20%28feat.%20Bonj%29,https://www.beatport.com/search?q=House%20Victimz%20%26%20Kaleido%20Uthando%20%28feat.%20Bonj%29
2026-04-24 13:31,2,Luca Bertoni,Hollaback Girl,🚀 Auto,5,https://www.google.com/search?q=Luca%20Bertoni%20Hollaback%20Girl,https://www.beatport.com/search?q=Luca%20Bertoni%20Hollaback%20Girl
2026-04-24 13:29,2,"Cody Schneida, Giuliano & Somerset",Loud Mouth,🚀 Auto,5,https://www.google.com/search?q=Cody%20Schneida%2C%20Giuliano%20%26%20Somerset%20Loud%20Mouth,https://www.beatport.com/search?q=Cody%20Schneida%2C%20Giuliano%20%26%20Somerset%20Loud%20Mouth
2026-04-24 13:25,2,Joshwa,Magalenha (Extended Mix),🚀 Auto,5,https://www.google.com/search?q=Joshwa%20Magalenha%20%28Extended%20Mix%29,https://www.beatport.com/search?q=Joshwa%20Magalenha%20%28Extended%20Mix%29
2026-04-24 13:22,2,GENESI,Everything You Have Done (Meduza Edit),🚀 Auto,5,https://www.google.com/search?q=GENESI%20Everything%20You%20Have%20Done%20%28Meduza%20Edit%29,https://www.beatport.com/search?q=GENESI%20Everything%20You%20Have%20Done%20%28Meduza%20Edit%29
2026-04-24 13:21,2,Candy Knievel,Spiritual,🚀 Auto,5,https://www.google.com/search?q=Candy%20Knievel%20Spiritual,https://www.beatport.com/search?q=Candy%20Knievel%20Spiritual
2026-04-24 13:18,2,LEFTI,All 4 U (Extended Mix),🚀 Auto,5,https://www.google.com/search?q=LEFTI%20All%204%20U%20%28Extended%20Mix%29,https://www.beatport.com/search?q=LEFTI%20All%204%20U%20%28Extended%20Mix%29
2026-04-24 13:14,2,Gil Everest,Anybody Else (feat. Lady Bee),🚀 Auto,5,https://www.google.com/search?q=Gil%20Everest%20Anybody%20Else%20%28feat.%20Lady%20Bee%29,https://www.beatport.com/search?q=Gil%20Everest%20Anybody%20Else%20%28feat.%20Lady%20Bee%29
2026-04-24 13:12,2,Loud Luxury & Hook N Sling,Afterparty,🚀 Auto,5,https://www.google.com/search?q=Loud%20Luxury%20%26%20Hook%20N%20Sling%20Afterparty,https://www.beatport.com/search?q=Loud%20Luxury%20%26%20Hook%20N%20Sling%20Afterparty
2026-04-24 13:10,2,PBH & JACK & Sash Sings,Jealousy,🚀 Auto,5,https://www.google.com/search?q=PBH%20%26%20JACK%20%26%20Sash%20Sings%20Jealousy,https://www.beatport.com/search?q=PBH%20%26%20JACK%20%26%20Sash%20Sings%20Jealousy
2026-04-24 13:08,1,Liquideep,Fairytale,🚀 Auto,5,https://www.google.com/search?q=Liquideep%20Fairytale,https://www.beatport.com/search?q=Liquideep%20Fairytale
2026-04-24 13:06,2,twocolors,NOT YOURS (TC/TC),🚀 Auto,5,https://www.google.com/search?q=twocolors%20NOT%20YOURS%20%28TC/TC%29,https://www.beatport.com/search?q=twocolors%20NOT%20YOURS%20%28TC/TC%29
2026-04-24 13:03,2,Martin Ikin,Sometimes,🚀 Auto,5,https://www.google.com/search?q=Martin%20Ikin%20Sometimes,https://www.beatport.com/search?q=Martin%20Ikin%20Sometimes
2026-04-24 13:02,1,Teddy Pendergrass,I Don't Love You Anymore (Damian Lazarus Re-Shape),🚀 Auto,5,https://www.google.com/search?q=Teddy%20Pendergrass%20I%20Don%27t%20Love%20You%20Anymore%20%28Damian%20Lazarus%20Re-Shape%29,https://www.beatport.com/search?q=Teddy%20Pendergrass%20I%20Don%27t%20Love%20You%20Anymore%20%28Damian%20Lazarus%20Re-Shape%29
2026-04-24 13:02,2,Bless You,Give It to Me,🚀 Auto,5,https://www.google.com/search?q=Bless%20You%20Give%20It%20to%20Me,https://www.beatport.com/search?q=Bless%20You%20Give%20It%20to%20Me
2026-04-24 12:58,2,Riton,Sugar (feat. Soaky Siren),🚀 Auto,5,https://www.google.com/search?q=Riton%20Sugar%20%28feat.%20Soaky%20Siren%29,https://www.beatport.com/search?q=Riton%20Sugar%20%28feat.%20Soaky%20Siren%29
2026-04-24 12:54,2,Alex Now (ES),Get Wild (Extended Mix),🚀 Auto,5,https://www.google.com/search?q=Alex%20Now%20%28ES%29%20Get%20Wild%20%28Extended%20Mix%29,https://www.beatport.com/search?q=Alex%20Now%20%28ES%29%20Get%20Wild%20%28Extended%20Mix%29
2026-04-24 12:51,2,FISHER & AR/CO,Ocean,🚀 Auto,5,https://www.google.com/search?q=FISHER%20%26%20AR/CO%20Ocean,https://www.beatport.com/search?q=FISHER%20%26%20AR/CO%20Ocean
2026-04-24 12:49,2,"Joel Corry, Sidney Samson & PAJANE",Riverside MF,🚀 Auto,5,https://www.google.com/search?q=Joel%20Corry%2C%20Sidney%20Samson%20%26%20PAJANE%20Riverside%20MF,https://www.beatport.com/search?q=Joel%20Corry%2C%20Sidney%20Samson%20%26%20PAJANE%20Riverside%20MF
2026-04-24 12:48,2,Sidney Samson,Riverside (Let's Go!) [feat. Wizard Sleeve] [Dirty Extended Mix],🚀 Auto,5,https://www.google.com/search?q=Sidney%20Samson%20Riverside%20%28Let%27s%20Go%21%29%20%5Bfeat.%20Wizard%20Sleeve%5D%20%5BDirty%20Extended%20Mix%5D,https://www.beatport.com/search?q=Sidney%20Samson%20Riverside%20%28Let%27s%20Go%21%29%20%5Bfeat.%20Wizard%20Sleeve%5D%20%5BDirty%20Extended%20Mix%5D
2026-04-24 12:45,1,Mau P,Merther (Extended Mix),🚀 Auto,5,https://www.google.com/search?q=Mau%20P%20Merther%20%28Extended%20Mix%29,https://www.beatport.com/search?q=Mau%20P%20Merther%20%28Extended%20Mix%29
2026-04-24 12:38,2,ZHU & BadWolf,Smoke Up In The Air,🚀 Auto,5,https://www.google.com/search?q=ZHU%20%26%20BadWolf%20Smoke%20Up%20In%20The%20Air,https://www.beatport.com/search?q=ZHU%20%26%20BadWolf%20Smoke%20Up%20In%20The%20Air
2026-04-24 12:36,2,Dimitri Vegas & David Guetta,The Drop (feat. Azteck & Nicole Scherzinger) [Öwnboss Remix],🚀 Auto,5,https://www.google.com/search?q=Dimitri%20Vegas%20%26%20David%20Guetta%20The%20Drop%20%28feat.%20Azteck%20%26%20Nicole%20Scherzinger%29%20%5B%C3%96wnboss%20Remix%5D,https://www.beatport.com/search?q=Dimitri%20Vegas%20%26%20David%20Guetta%20The%20Drop%20%28feat.%20Azteck%20%26%20Nicole%20Scherzinger%29%20%5B%C3%96wnboss%20Remix%5D
2026-04-24 12:33,2,BIJOU & WIN WIN,GO GO GO,🚀 Auto,5,https://www.google.com/search?q=BIJOU%20%26%20WIN%20WIN%20GO%20GO%20GO,https://www.beatport.com/search?q=BIJOU%20%26%20WIN%20WIN%20GO%20GO%20GO
2026-04-24 12:30,2,PAWSA & The Adventures of Stevie V,Dirty Cash (Money Talks),🚀 Auto,5,https://www.google.com/search?q=PAWSA%20%26%20The%20Adventures%20of%20Stevie%20V%20Dirty%20Cash%20%28Money%20Talks%29,https://www.beatport.com/search?q=PAWSA%20%26%20The%20Adventures%20of%20Stevie%20V%20Dirty%20Cash%20%28Money%20Talks%29
2026-04-24 12:26,2,Zaark,Move It,🚀 Auto,5,https://www.google.com/search?q=Zaark%20Move%20It,https://www.beatport.com/search?q=Zaark%20Move%20It
2026-04-24 12:24,2,Tiësto & Sevenn,BOOM (feat. Gucci Mane),🚀 Auto,5,https://www.google.com/search?q=Ti%C3%ABsto%20%26%20Sevenn%20BOOM%20%28feat.%20Gucci%20Mane%29,https://www.beatport.com/search?q=Ti%C3%ABsto%20%26%20Sevenn%20BOOM%20%28feat.%20Gucci%20Mane%29
2026-04-24 12:20,2,Belters Only & Jazzy,Make Me Feel Good,🚀 Auto,5,https://www.google.com/search?q=Belters%20Only%20%26%20Jazzy%20Make%20Me%20Feel%20Good,https://www.beatport.com/search?q=Belters%20Only%20%26%20Jazzy%20Make%20Me%20Feel%20Good
2026-04-24 12:19,1,Chico Rose (NL),Pom,🚀 Auto,5,https://www.google.com/search?q=Chico%20Rose%20%28NL%29%20Pom,https://www.beatport.com/search?q=Chico%20Rose%20%28NL%29%20Pom
2026-04-24 12:17,1,Acraze,Do It To It (feat. Cherish),🚀 Auto,5,https://www.google.com/search?q=Acraze%20Do%20It%20To%20It%20%28feat.%20Cherish%29,https://www.beatport.com/search?q=Acraze%20Do%20It%20To%20It%20%28feat.%20Cherish%29
2026-04-24 12:17,1,Used Disco & Earth n Days,Hypnotize,🚀 Auto,5,https://www.google.com/search?q=Used%20Disco%20%26%20Earth%20n%20Days%20Hypnotize,https://www.beatport.com/search?q=Used%20Disco%20%26%20Earth%20n%20Days%20Hypnotize
2026-04-24 12:16,1,Davi & Definition,Désolé,🚀 Auto,5,https://www.google.com/search?q=Davi%20%26%20Definition%20D%C3%A9sol%C3%A9,https://www.beatport.com/search?q=Davi%20%26%20Definition%20D%C3%A9sol%C3%A9
2026-04-24 12:16,1,Nail,Optimus,🚀 Auto,5,https://www.google.com/search?q=Nail%20Optimus,https://www.beatport.com/search?q=Nail%20Optimus
2026-04-24 12:05,2,Tita Lau,The Sequel,🚀 Auto,5,https://www.google.com/search?q=Tita%20Lau%20The%20Sequel,https://www.beatport.com/search?q=Tita%20Lau%20The%20Sequel
2026-04-24 12:02,2,John Summit,La Danza,🚀 Auto,5,https://www.google.com/search?q=John%20Summit%20La%20Danza,https://www.beatport.com/search?q=John%20Summit%20La%20Danza
2026-04-24 11:59,1,CID & WILL K,OoooH,🚀 Auto,5,https://www.google.com/search?q=CID%20%26%20WILL%20K%20OoooH,https://www.beatport.com/search?q=CID%20%26%20WILL%20K%20OoooH
2026-04-24 11:57,1,BURNR,The Middle,🚀 Auto,5,https://www.google.com/search?q=BURNR%20The%20Middle,https://www.beatport.com/search?q=BURNR%20The%20Middle
2026-04-24 11:53,2,Volkoder,Act Up (Bad Boy),🚀 Auto,5,https://www.google.com/search?q=Volkoder%20Act%20Up%20%28Bad%20Boy%29,https://www.beatport.com/search?q=Volkoder%20Act%20Up%20%28Bad%20Boy%29
2026-04-24 11:50,1,Cloonee,Love You Like That,🚀 Auto,5,https://www.google.com/search?q=Cloonee%20Love%20You%20Like%20That,https://www.beatport.com/search?q=Cloonee%20Love%20You%20Like%20That
2026-04-24 11:50,1,Andy Compton,That Acid Track,🚀 Auto,5,https://www.google.com/search?q=Andy%20Compton%20That%20Acid%20Track,https://www.beatport.com/search?q=Andy%20Compton%20That%20Acid%20Track
2026-04-24 11:48,2,X-Press 2,Say What! (London Underground Mix),🚀 Auto,5,https://www.google.com/search?q=X-Press%202%20Say%20What%21%20%28London%20Underground%20Mix%29,https://www.beatport.com/search?q=X-Press%202%20Say%20What%21%20%28London%20Underground%20Mix%29
2026-04-24 11:47,1,Strike,U Sure Do,🚀 Auto,5,https://www.google.com/search?q=Strike%20U%20Sure%20Do,https://www.beatport.com/search?q=Strike%20U%20Sure%20Do
2026-04-24 11:47,1,Noizu,Mi Corazón,🚀 Auto,5,https://www.google.com/search?q=Noizu%20Mi%20Coraz%C3%B3n,https://www.beatport.com/search?q=Noizu%20Mi%20Coraz%C3%B3n
2026-04-24 11:46,1,Masters At Work,To Be in Love (MAW '99 Mix) [feat. India],🚀 Auto,5,https://www.google.com/search?q=Masters%20At%20Work%20To%20Be%20in%20Love%20%28MAW%20%2799%20Mix%29%20%5Bfeat.%20India%5D,https://www.beatport.com/search?q=Masters%20At%20Work%20To%20Be%20in%20Love%20%28MAW%20%2799%20Mix%29%20%5Bfeat.%20India%5D
2026-04-24 11:46,1,Vladimir Svetsky,Believe in Yourself (DJ Mixon and DJ Sveta Remix),🚀 Auto,5,https://www.google.com/search?q=Vladimir%20Svetsky%20Believe%20in%20Yourself%20%28DJ%20Mixon%20and%20DJ%20Sveta%20Remix%29,https://www.beatport.com/search?q=Vladimir%20Svetsky%20Believe%20in%20Yourself%20%28DJ%20Mixon%20and%20DJ%20Sveta%20Remix%29
2026-04-24 11:44,1,DJ YUKI & Fuse,Goodies,🚀 Auto,5,https://www.google.com/search?q=DJ%20YUKI%20%26%20Fuse%20Goodies,https://www.beatport.com/search?q=DJ%20YUKI%20%26%20Fuse%20Goodies
2026-04-24 11:40,2,Biscits & Tobehonest,I Am the One,🚀 Auto,5,https://www.google.com/search?q=Biscits%20%26%20Tobehonest%20I%20Am%20the%20One,https://www.beatport.com/search?q=Biscits%20%26%20Tobehonest%20I%20Am%20the%20One
2026-04-24 11:37,2,"Disco Lines, J. Worra & Anabel Englund",Cutting Loose,🚀 Auto,5,https://www.google.com/search?q=Disco%20Lines%2C%20J.%20Worra%20%26%20Anabel%20Englund%20Cutting%20Loose,https://www.beatport.com/search?q=Disco%20Lines%2C%20J.%20Worra%20%26%20Anabel%20Englund%20Cutting%20Loose
2026-04-24 11:33,1,OOTORO,GHETTOBREAK,🚀 Auto,5,https://www.google.com/search?q=OOTORO%20GHETTOBREAK,https://www.beatport.com/search?q=OOTORO%20GHETTOBREAK
2026-04-24 11:26,1,Tomas Grey,Power (Extended Mix),🚀 Auto,5,https://www.google.com/search?q=Tomas%20Grey%20Power%20%28Extended%20Mix%29,https://www.beatport.com/search?q=Tomas%20Grey%20Power%20%28Extended%20Mix%29
2026-04-24 11:23,2,"kstko, 1MO & SSGKobe",what's the move,🚀 Auto,5,https://www.google.com/search?q=kstko%2C%201MO%20%26%20SSGKobe%20what%27s%20the%20move,https://www.beatport.com/search?q=kstko%2C%201MO%20%26%20SSGKobe%20what%27s%20the%20move
2026-04-24 11:22,2,Boothed,Body Wanna Rave,🚀 Auto,5,https://www.google.com/search?q=Boothed%20Body%20Wanna%20Rave,https://www.beatport.com/search?q=Boothed%20Body%20Wanna%20Rave
2026-04-24 11:19,2,ESSE,Detroit,🚀 Auto,5,https://www.google.com/search?q=ESSE%20Detroit,https://www.beatport.com/search?q=ESSE%20Detroit
2026-04-24 11:15,1,BADDIES ONLY,Aquí Las Colombianas (feat. Martina Camargo) [Extended Mix],🚀 Auto,5,https://www.google.com/search?q=BADDIES%20ONLY%20Aqu%C3%AD%20Las%20Colombianas%20%28feat.%20Martina%20Camargo%29%20%5BExtended%20Mix%5D,https://www.beatport.com/search?q=BADDIES%20ONLY%20Aqu%C3%AD%20Las%20Colombianas%20%28feat.%20Martina%20Camargo%29%20%5BExtended%20Mix%5D
2026-04-24 11:15,2,Gold 88,Push It (Extended Mix),🚀 Auto,5,https://www.google.com/search?q=Gold%2088%20Push%20It%20%28Extended%20Mix%29,https://www.beatport.com/search?q=Gold%2088%20Push%20It%20%28Extended%20Mix%29
2026-04-20 18:27,1,James Hype,Be Mine,🚀 Auto,5,https://www.google.com/search?q=James%20Hype%20Be%20Mine,https://www.beatport.com/search?q=James%20Hype%20Be%20Mine
2026-04-20 18:24,1,Force Unknown & Herve,Waiting for Your Love,🚀 Auto,5,https://www.google.com/search?q=Force%20Unknown%20%26%20Herve%20Waiting%20for%20Your%20Love,https://www.beatport.com/search?q=Force%20Unknown%20%26%20Herve%20Waiting%20for%20Your%20Love
2026-04-20 18:23,1,Puppah Nas-T & Masters At Work,"Work (MAW Mix) [feat. Denise ""Saucey Wow"" Belfon]",🚀 Auto,5,https://www.google.com/search?q=Puppah%20Nas-T%20%26%20Masters%20At%20Work%20Work%20%28MAW%20Mix%29%20%5Bfeat.%20Denise%20%22Saucey%20Wow%22%20Belfon%5D,https://www.beatport.com/search?q=Puppah%20Nas-T%20%26%20Masters%20At%20Work%20Work%20%28MAW%20Mix%29%20%5Bfeat.%20Denise%20%22Saucey%20Wow%22%20Belfon%5D
2026-04-20 18:20,1,James Hype & Tita Lau,More Of The Same,🚀 Auto,5,https://www.google.com/search?q=James%20Hype%20%26%20Tita%20Lau%20More%20Of%20The%20Same,https://www.beatport.com/search?q=James%20Hype%20%26%20Tita%20Lau%20More%20Of%20The%20Same
2026-04-20 18:14,1,Fred again.. & Swedish House Mafia,Turn On The Lights again.. (feat. Future),🚀 Auto,5,https://www.google.com/search?q=Fred%20again..%20%26%20Swedish%20House%20Mafia%20Turn%20On%20The%20Lights%20again..%20%28feat.%20Future%29,https://www.beatport.com/search?q=Fred%20again..%20%26%20Swedish%20House%20Mafia%20Turn%20On%20The%20Lights%20again..%20%28feat.%20Future%29
2026-04-20 18:10,1,Private Chatroom & Fullempty,Freakon,🚀 Auto,5,https://www.google.com/search?q=Private%20Chatroom%20%26%20Fullempty%20Freakon,https://www.beatport.com/search?q=Private%20Chatroom%20%26%20Fullempty%20Freakon
2026-04-20 18:08,1,Fullempty,Never Forget,🚀 Auto,5,https://www.google.com/search?q=Fullempty%20Never%20Forget,https://www.beatport.com/search?q=Fullempty%20Never%20Forget
2026-04-20 18:04,1,Sean & Dee,Game Of Thrones Theme (Reinterpretation Mix),🚀 Auto,5,https://www.google.com/search?q=Sean%20%26%20Dee%20Game%20Of%20Thrones%20Theme%20%28Reinterpretation%20Mix%29,https://www.beatport.com/search?q=Sean%20%26%20Dee%20Game%20Of%20Thrones%20Theme%20%28Reinterpretation%20Mix%29
2026-04-20 18:03,1,Panos Pissitelis & Junior Mi,Freaky,🚀 Auto,5,https://www.google.com/search?q=Panos%20Pissitelis%20%26%20Junior%20Mi%20Freaky,https://www.beatport.com/search?q=Panos%20Pissitelis%20%26%20Junior%20Mi%20Freaky
2026-04-20 18:03,1,Kristian Arango,Como Nos Gusta,🚀 Auto,5,https://www.google.com/search?q=Kristian%20Arango%20Como%20Nos%20Gusta,https://www.beatport.com/search?q=Kristian%20Arango%20Como%20Nos%20Gusta
2026-04-20 17:58,2,Fur Coat,Spiral,🚀 Auto,5,https://www.google.com/search?q=Fur%20Coat%20Spiral,https://www.beatport.com/search?q=Fur%20Coat%20Spiral
2026-04-20 17:56,1,Westend,Get This Party Started,🚀 Auto,5,https://www.google.com/search?q=Westend%20Get%20This%20Party%20Started,https://www.beatport.com/search?q=Westend%20Get%20This%20Party%20Started
2026-04-20 17:55,1,Dj Tony El Campeon,Tonight (Mixed),🚀 Auto,5,https://www.google.com/search?q=Dj%20Tony%20El%20Campeon%20Tonight%20%28Mixed%29,https://www.beatport.com/search?q=Dj%20Tony%20El%20Campeon%20Tonight%20%28Mixed%29
2026-04-20 17:53,1,Ed Sheeran,Bad Habits (MEDUZA Remix),🚀 Auto,5,https://www.google.com/search?q=Ed%20Sheeran%20Bad%20Habits%20%28MEDUZA%20Remix%29,https://www.beatport.com/search?q=Ed%20Sheeran%20Bad%20Habits%20%28MEDUZA%20Remix%29
2026-04-20 17:50,1,Lindsey Stirling,Roundtable Rival,🚀 Auto,5,https://www.google.com/search?q=Lindsey%20Stirling%20Roundtable%20Rival,https://www.beatport.com/search?q=Lindsey%20Stirling%20Roundtable%20Rival
2026-04-20 17:42,1,Demeter Lounge,Underrated,🚀 Auto,5,https://www.google.com/search?q=Demeter%20Lounge%20Underrated,https://www.beatport.com/search?q=Demeter%20Lounge%20Underrated
2026-04-20 17:35,1,Chris Lake,Savana,🚀 Auto,5,https://www.google.com/search?q=Chris%20Lake%20Savana,https://www.beatport.com/search?q=Chris%20Lake%20Savana
2026-04-20 17:35,1,"Shakedown, Anyma & Layton Giordani",At Night (Anyma X Layton Giordani Remix),🚀 Auto,5,https://www.google.com/search?q=Shakedown%2C%20Anyma%20%26%20Layton%20Giordani%20At%20Night%20%28Anyma%20X%20Layton%20Giordani%20Remix%29,https://www.beatport.com/search?q=Shakedown%2C%20Anyma%20%26%20Layton%20Giordani%20At%20Night%20%28Anyma%20X%20Layton%20Giordani%20Remix%29
2026-04-20 17:33,1,Duke Dumont,I Need You Now,🚀 Auto,5,https://www.google.com/search?q=Duke%20Dumont%20I%20Need%20You%20Now,https://www.beatport.com/search?q=Duke%20Dumont%20I%20Need%20You%20Now
2026-04-20 17:32,1,Jordan Peak,Front 2 Back (Dennis Quin Extended Remix),🚀 Auto,5,https://www.google.com/search?q=Jordan%20Peak%20Front%202%20Back%20%28Dennis%20Quin%20Extended%20Remix%29,https://www.beatport.com/search?q=Jordan%20Peak%20Front%202%20Back%20%28Dennis%20Quin%20Extended%20Remix%29
2026-04-20 17:31,1,"Alexander Som, Starclass & Liah Barrett",Fabulous (Extended Mix),🚀 Auto,5,https://www.google.com/search?q=Alexander%20Som%2C%20Starclass%20%26%20Liah%20Barrett%20Fabulous%20%28Extended%20Mix%29,https://www.beatport.com/search?q=Alexander%20Som%2C%20Starclass%20%26%20Liah%20Barrett%20Fabulous%20%28Extended%20Mix%29
2026-04-20 17:30,1,SIDEPIECE & Bobby Shmurda,Cash Out,🚀 Auto,5,https://www.google.com/search?q=SIDEPIECE%20%26%20Bobby%20Shmurda%20Cash%20Out,https://www.beatport.com/search?q=SIDEPIECE%20%26%20Bobby%20Shmurda%20Cash%20Out
2026-04-20 17:28,3,Mau P,Like I Like It,🚀 Auto,5,https://www.google.com/search?q=Mau%20P%20Like%20I%20Like%20It,https://www.beatport.com/search?q=Mau%20P%20Like%20I%20Like%20It
2026-04-20 17:27,1,Ronnie Spiteri,Power (Extended Mix),🚀 Auto,5,https://www.google.com/search?q=Ronnie%20Spiteri%20Power%20%28Extended%20Mix%29,https://www.beatport.com/search?q=Ronnie%20Spiteri%20Power%20%28Extended%20Mix%29
2026-04-20 17:27,1,FENCHVRCH,Come Closer,🚀 Auto,5,https://www.google.com/search?q=FENCHVRCH%20Come%20Closer,https://www.beatport.com/search?q=FENCHVRCH%20Come%20Closer
2026-04-03 22:28,1,alt suicide,7:44 Pm,🚀 Auto,5,https://www.google.com/search?q=alt%20suicide%207%3A44%20Pm,https://www.beatport.com/search?q=alt%20suicide%207%3A44%20Pm
2026-04-03 22:28,1,Daniel Birch,Generative Large Wind Chime,🚀 Auto,5,https://www.google.com/search?q=Daniel%20Birch%20Generative%20Large%20Wind%20Chime,https://www.beatport.com/search?q=Daniel%20Birch%20Generative%20Large%20Wind%20Chime
2026-04-03 10:50,1,Leinad,Afro Guitar,🚀 Auto,5,https://www.google.com/search?q=Leinad%20Afro%20Guitar,https://www.beatport.com/search?q=Leinad%20Afro%20Guitar
2026-04-03 09:21,1,ROCHNGTHEWRLD,WEEKEND (feat. Vazh),🚀 Auto,5,https://www.google.com/search?q=ROCHNGTHEWRLD%20WEEKEND%20%28feat.%20Vazh%29,https://www.beatport.com/search?q=ROCHNGTHEWRLD%20WEEKEND%20%28feat.%20Vazh%29
2026-04-03 08:17,1,"Goodman, Gentleman & Big Al",In the Dark (BiG AL Remix),🚀 Auto,5,https://www.google.com/search?q=Goodman%2C%20Gentleman%20%26%20Big%20Al%20In%20the%20Dark%20%28BiG%20AL%20Remix%29,https://www.beatport.com/search?q=Goodman%2C%20Gentleman%20%26%20Big%20Al%20In%20the%20Dark%20%28BiG%20AL%20Remix%29
2026-04-03 08:02,1,Dawn Deep,Pure Intentions,🚀 Auto,5,https://www.google.com/search?q=Dawn%20Deep%20Pure%20Intentions,https://www.beatport.com/search?q=Dawn%20Deep%20Pure%20Intentions
2026-04-03 08:00,1,KI Creighton,Bullseye (PAX 'VAults' Remix),🚀 Auto,5,https://www.google.com/search?q=KI%20Creighton%20Bullseye%20%28PAX%20%27VAults%27%20Remix%29,https://www.beatport.com/search?q=KI%20Creighton%20Bullseye%20%28PAX%20%27VAults%27%20Remix%29
2026-04-03 07:57,1,Kareem Ali,On My Heart,🚀 Auto,5,https://www.google.com/search?q=Kareem%20Ali%20On%20My%20Heart,https://www.beatport.com/search?q=Kareem%20Ali%20On%20My%20Heart
2026-04-03 07:54,2,OSI303,Sunshine Dub,🚀 Auto,5,https://www.google.com/search?q=OSI303%20Sunshine%20Dub,https://www.beatport.com/search?q=OSI303%20Sunshine%20Dub
2026-04-03 07:52,2,Paperclip People,Throw (Slam's RTM Remix),🚀 Auto,5,https://www.google.com/search?q=Paperclip%20People%20Throw%20%28Slam%27s%20RTM%20Remix%29,https://www.beatport.com/search?q=Paperclip%20People%20Throw%20%28Slam%27s%20RTM%20Remix%29
2026-04-03 03:17,2,Paperclip People,Throw (Slam's RTM Remix),🚀 Auto,5,https://www.google.com/search?q=Paperclip%20People%20Throw%20%28Slam%27s%20RTM%20Remix%29,https://www.beatport.com/search?q=Paperclip%20People%20Throw%20%28Slam%27s%20RTM%20Remix%29
2026-04-03 03:17,2,OSI303,Sunshine Dub,🚀 Auto,5,https://www.google.com/search?q=OSI303%20Sunshine%20Dub,https://www.beatport.com/search?q=OSI303%20Sunshine%20Dub
2026-04-03 03:16,1,Finnolia Sound Effects,Kids Playing in Park (Children Outside Outdoor Play Playground Ambience Background Noise Soundscape Clip) [Sound Effect],🚀 Auto,5,https://www.google.com/search?q=Finnolia%20Sound%20Effects%20Kids%20Playing%20in%20Park%20%28Children%20Outside%20Outdoor%20Play%20Playground%20Ambience%20Background%20Noise%20Soundscape%20Clip%29%20%5BSound%20Effect%5D,https://www.beatport.com/search?q=Finnolia%20Sound%20Effects%20Kids%20Playing%20in%20Park%20%28Children%20Outside%20Outdoor%20Play%20Playground%20Ambience%20Background%20Noise%20Soundscape%20Clip%29%20%5BSound%20Effect%5D
2026-04-03 03:13,1,Nova Wolf,Undone,🚀 Auto,5,https://www.google.com/search?q=Nova%20Wolf%20Undone,https://www.beatport.com/search?q=Nova%20Wolf%20Undone
2026-04-03 03:07,1,Doechii,Anxiety,🚀 Auto,5,https://www.google.com/search?q=Doechii%20Anxiety,https://www.beatport.com/search?q=Doechii%20Anxiety
2026-04-03 02:59,1,Soulva,Rebirth,🚀 Auto,5,https://www.google.com/search?q=Soulva%20Rebirth,https://www.beatport.com/search?q=Soulva%20Rebirth
2026-04-03 02:53,1,Gentleman,"So Deep, So Real",🚀 Auto,5,https://www.google.com/search?q=Gentleman%20So%20Deep%2C%20So%20Real,https://www.beatport.com/search?q=Gentleman%20So%20Deep%2C%20So%20Real
2026-04-03 02:46,1,Gentleman & Juvedybo,Jazzy Night,🚀 Auto,5,https://www.google.com/search?q=Gentleman%20%26%20Juvedybo%20Jazzy%20Night,https://www.beatport.com/search?q=Gentleman%20%26%20Juvedybo%20Jazzy%20Night
2026-04-03 02:40,1,Gentleman,September,🚀 Auto,5,https://www.google.com/search?q=Gentleman%20September,https://www.beatport.com/search?q=Gentleman%20September
2026-04-03 02:14,1,Gega,Smooth Motion,🚀 Auto,5,https://www.google.com/search?q=Gega%20Smooth%20Motion,https://www.beatport.com/search?q=Gega%20Smooth%20Motion
2026-04-03 02:07,1,Siag,Silent Vow,🚀 Auto,5,https://www.google.com/search?q=Siag%20Silent%20Vow,https://www.beatport.com/search?q=Siag%20Silent%20Vow
2026-04-03 02:03,1,Samim,Heater (Tube & Berger Remix),🚀 Auto,5,https://www.google.com/search?q=Samim%20Heater%20%28Tube%20%26%20Berger%20Remix%29,https://www.beatport.com/search?q=Samim%20Heater%20%28Tube%20%26%20Berger%20Remix%29
2026-04-03 02:02,1,JfAlexsander,Your Drop,🚀 Auto,5,https://www.google.com/search?q=JfAlexsander%20Your%20Drop,https://www.beatport.com/search?q=JfAlexsander%20Your%20Drop
2026-04-03 02:01,1,Josef Lupo,"Lumiere (Josef Lupo's ""Always 12"" Mix)",🚀 Auto,5,https://www.google.com/search?q=Josef%20Lupo%20Lumiere%20%28Josef%20Lupo%27s%20%22Always%2012%22%20Mix%29,https://www.beatport.com/search?q=Josef%20Lupo%20Lumiere%20%28Josef%20Lupo%27s%20%22Always%2012%22%20Mix%29
2026-04-03 01:56,1,Erdit Mertiri,Connected,🚀 Auto,5,https://www.google.com/search?q=Erdit%20Mertiri%20Connected,https://www.beatport.com/search?q=Erdit%20Mertiri%20Connected
2026-04-03 01:51,1,Jan Blomqvist,The Space in Between (Ben Böhmer Remix),🚀 Auto,5,https://www.google.com/search?q=Jan%20Blomqvist%20The%20Space%20in%20Between%20%28Ben%20B%C3%B6hmer%20Remix%29,https://www.beatport.com/search?q=Jan%20Blomqvist%20The%20Space%20in%20Between%20%28Ben%20B%C3%B6hmer%20Remix%29
2026-04-03 01:42,1,Alvaro Hylander & Sarandub,Endless Night,🚀 Auto,5,https://www.google.com/search?q=Alvaro%20Hylander%20%26%20Sarandub%20Endless%20Night,https://www.beatport.com/search?q=Alvaro%20Hylander%20%26%20Sarandub%20Endless%20Night
2026-04-03 01:41,1,China Charmeleon,Dark Place (feat. D.General),🚀 Auto,5,https://www.google.com/search?q=China%20Charmeleon%20Dark%20Place%20%28feat.%20D.General%29,https://www.beatport.com/search?q=China%20Charmeleon%20Dark%20Place%20%28feat.%20D.General%29
2026-04-03 01:38,1,Bedouin,Petra (Two Lanes Remix),🚀 Auto,5,https://www.google.com/search?q=Bedouin%20Petra%20%28Two%20Lanes%20Remix%29,https://www.beatport.com/search?q=Bedouin%20Petra%20%28Two%20Lanes%20Remix%29
2026-04-03 01:32,1,Qtier,Set Me On (David August Remix) [Mixed],🚀 Auto,5,https://www.google.com/search?q=Qtier%20Set%20Me%20On%20%28David%20August%20Remix%29%20%5BMixed%5D,https://www.beatport.com/search?q=Qtier%20Set%20Me%20On%20%28David%20August%20Remix%29%20%5BMixed%5D
2026-04-03 01:27,1,Gentleman,Massimo,🚀 Auto,5,https://www.google.com/search?q=Gentleman%20Massimo,https://www.beatport.com/search?q=Gentleman%20Massimo
2026-04-03 01:21,1,Closed Paradise,Secrets,🚀 Auto,5,https://www.google.com/search?q=Closed%20Paradise%20Secrets,https://www.beatport.com/search?q=Closed%20Paradise%20Secrets
2026-04-03 01:19,1,Ohmme,Little Helper 341-5,🚀 Auto,5,https://www.google.com/search?q=Ohmme%20Little%20Helper%20341-5,https://www.beatport.com/search?q=Ohmme%20Little%20Helper%20341-5
2026-04-03 01:13,1,H&K,Open Your Eyes,🚀 Auto,5,https://www.google.com/search?q=H%26K%20Open%20Your%20Eyes,https://www.beatport.com/search?q=H%26K%20Open%20Your%20Eyes
2026-04-03 01:06,1,Atley Bestoren,Cool Freaks,🚀 Auto,5,https://www.google.com/search?q=Atley%20Bestoren%20Cool%20Freaks,https://www.beatport.com/search?q=Atley%20Bestoren%20Cool%20Freaks
2026-04-03 01:00,1,Mike Dero,I Miss You,🚀 Auto,5,https://www.google.com/search?q=Mike%20Dero%20I%20Miss%20You,https://www.beatport.com/search?q=Mike%20Dero%20I%20Miss%20You
2026-04-03 01:00,2,Maae,The Man,🚀 Auto,5,https://www.google.com/search?q=Maae%20The%20Man,https://www.beatport.com/search?q=Maae%20The%20Man
2026-04-03 00:55,1,Below Bangkok & Mellow Men,Bex (Gentleman (DJ) Remix),🚀 Auto,5,https://www.google.com/search?q=Below%20Bangkok%20%26%20Mellow%20Men%20Bex%20%28Gentleman%20%28DJ%29%20Remix%29,https://www.beatport.com/search?q=Below%20Bangkok%20%26%20Mellow%20Men%20Bex%20%28Gentleman%20%28DJ%29%20Remix%29
2026-04-02 22:15,1,Gentleman,Velvet Frequency,🚀 Auto,5,https://www.google.com/search?q=Gentleman%20Velvet%20Frequency,https://www.beatport.com/search?q=Gentleman%20Velvet%20Frequency
2026-04-02 22:08,1,Ben Böhmer,"Beyond Beliefs (Live At The Roundhouse, London)",🚀 Auto,5,https://www.google.com/search?q=Ben%20B%C3%B6hmer%20Beyond%20Beliefs%20%28Live%20At%20The%20Roundhouse%2C%20London%29,https://www.beatport.com/search?q=Ben%20B%C3%B6hmer%20Beyond%20Beliefs%20%28Live%20At%20The%20Roundhouse%2C%20London%29
2026-04-02 22:03,1,Gentleman,Odyssey of Dreams,🚀 Auto,5,https://www.google.com/search?q=Gentleman%20Odyssey%20of%20Dreams,https://www.beatport.com/search?q=Gentleman%20Odyssey%20of%20Dreams
2026-04-02 22:02,1,Lisa Shaw,I Can See It (Miguel Migs Salted Vocal Mix),🚀 Auto,5,https://www.google.com/search?q=Lisa%20Shaw%20I%20Can%20See%20It%20%28Miguel%20Migs%20Salted%20Vocal%20Mix%29,https://www.beatport.com/search?q=Lisa%20Shaw%20I%20Can%20See%20It%20%28Miguel%20Migs%20Salted%20Vocal%20Mix%29
2026-04-02 21:58,1,Dzo & Ntokzin,Summer Time,🚀 Auto,5,https://www.google.com/search?q=Dzo%20%26%20Ntokzin%20Summer%20Time,https://www.beatport.com/search?q=Dzo%20%26%20Ntokzin%20Summer%20Time
2026-04-02 21:56,1,Big Al & Gentleman,Deeper Essence,🚀 Auto,5,https://www.google.com/search?q=Big%20Al%20%26%20Gentleman%20Deeper%20Essence,https://www.beatport.com/search?q=Big%20Al%20%26%20Gentleman%20Deeper%20Essence
2026-04-02 21:48,1,Chaos In The CBD & Isaac Aesili,A Deeper Life,🚀 Auto,5,https://www.google.com/search?q=Chaos%20In%20The%20CBD%20%26%20Isaac%20Aesili%20A%20Deeper%20Life,https://www.beatport.com/search?q=Chaos%20In%20The%20CBD%20%26%20Isaac%20Aesili%20A%20Deeper%20Life
2026-04-02 21:41,1,Ezra Collective,God Gave Me Feet For Dancing (Tasty Or Not Remix) [Extended Mix] [feat. Yazmin Lacey],🚀 Auto,5,https://www.google.com/search?q=Ezra%20Collective%20God%20Gave%20Me%20Feet%20For%20Dancing%20%28Tasty%20Or%20Not%20Remix%29%20%5BExtended%20Mix%5D%20%5Bfeat.%20Yazmin%20Lacey%5D,https://www.beatport.com/search?q=Ezra%20Collective%20God%20Gave%20Me%20Feet%20For%20Dancing%20%28Tasty%20Or%20Not%20Remix%29%20%5BExtended%20Mix%5D%20%5Bfeat.%20Yazmin%20Lacey%5D
2026-04-02 21:34,1,"Antdot, Maz & Dougwav",I See The Sun,🚀 Auto,5,https://www.google.com/search?q=Antdot%2C%20Maz%20%26%20Dougwav%20I%20See%20The%20Sun,https://www.beatport.com/search?q=Antdot%2C%20Maz%20%26%20Dougwav%20I%20See%20The%20Sun
2026-04-02 21:29,1,Voodoochild,Coming Down (Extended Mix),🚀 Auto,5,https://www.google.com/search?q=Voodoochild%20Coming%20Down%20%28Extended%20Mix%29,https://www.beatport.com/search?q=Voodoochild%20Coming%20Down%20%28Extended%20Mix%29
2026-04-02 21:29,1,Thab De Soul,Bailando (2025 Re-master),🚀 Auto,5,https://www.google.com/search?q=Thab%20De%20Soul%20Bailando%20%282025%20Re-master%29,https://www.beatport.com/search?q=Thab%20De%20Soul%20Bailando%20%282025%20Re-master%29
2026-04-02 21:23,1,V A E L O R A,We Re Moving as One,🚀 Auto,5,https://www.google.com/search?q=V%20A%20E%20L%20O%20R%20A%20We%20Re%20Moving%20as%20One,https://www.beatport.com/search?q=V%20A%20E%20L%20O%20R%20A%20We%20Re%20Moving%20as%20One
2026-04-02 21:17,1,Gentleman,Warmth Between Us,🚀 Auto,5,https://www.google.com/search?q=Gentleman%20Warmth%20Between%20Us,https://www.beatport.com/search?q=Gentleman%20Warmth%20Between%20Us
2026-04-02 21:14,1,Parra for Cuva,Nightjar,🚀 Auto,5,https://www.google.com/search?q=Parra%20for%20Cuva%20Nightjar,https://www.beatport.com/search?q=Parra%20for%20Cuva%20Nightjar
2026-04-02 21:10,1,SERYABKINA,Бывало и лучше,🚀 Auto,5,https://www.google.com/search?q=SERYABKINA%20%D0%91%D1%8B%D0%B2%D0%B0%D0%BB%D0%BE%20%D0%B8%20%D0%BB%D1%83%D1%87%D1%88%D0%B5,https://www.beatport.com/search?q=SERYABKINA%20%D0%91%D1%8B%D0%B2%D0%B0%D0%BB%D0%BE%20%D0%B8%20%D0%BB%D1%83%D1%87%D1%88%D0%B5
2026-04-02 21:06,1,South Bloom,Let Me in (Volen Sentir Secret Technique),🚀 Auto,5,https://www.google.com/search?q=South%20Bloom%20Let%20Me%20in%20%28Volen%20Sentir%20Secret%20Technique%29,https://www.beatport.com/search?q=South%20Bloom%20Let%20Me%20in%20%28Volen%20Sentir%20Secret%20Technique%29
2026-04-02 21:00,1,Parra for Cuva,Sumidero,🚀 Auto,5,https://www.google.com/search?q=Parra%20for%20Cuva%20Sumidero,https://www.beatport.com/search?q=Parra%20for%20Cuva%20Sumidero
2026-04-02 20:55,1,SEVENTH,Bad Dreams (Afro House),🚀 Auto,5,https://www.google.com/search?q=SEVENTH%20Bad%20Dreams%20%28Afro%20House%29,https://www.beatport.com/search?q=SEVENTH%20Bad%20Dreams%20%28Afro%20House%29
2026-04-02 20:54,1,KRISAM,HORIZON DRIVE,🚀 Auto,5,https://www.google.com/search?q=KRISAM%20HORIZON%20DRIVE,https://www.beatport.com/search?q=KRISAM%20HORIZON%20DRIVE
2026-04-02 20:50,1,Fit Workout Nonstop,Rave Armada,🚀 Auto,5,https://www.google.com/search?q=Fit%20Workout%20Nonstop%20Rave%20Armada,https://www.beatport.com/search?q=Fit%20Workout%20Nonstop%20Rave%20Armada
2026-04-02 20:34,1,Driess,Vatos Locos,🚀 Auto,5,https://www.google.com/search?q=Driess%20Vatos%20Locos,https://www.beatport.com/search?q=Driess%20Vatos%20Locos
2026-04-02 20:29,1,BE LOW,Rooms,🚀 Auto,5,https://www.google.com/search?q=BE%20LOW%20Rooms,https://www.beatport.com/search?q=BE%20LOW%20Rooms
2026-04-02 20:11,1,Djeemax,Bellissima,🚀 Auto,5,https://www.google.com/search?q=Djeemax%20Bellissima,https://www.beatport.com/search?q=Djeemax%20Bellissima
2026-04-02 19:48,1,Devshi Khanduri,COSMIC AWAKENING,🚀 Auto,5,https://www.google.com/search?q=Devshi%20Khanduri%20COSMIC%20AWAKENING,https://www.beatport.com/search?q=Devshi%20Khanduri%20COSMIC%20AWAKENING
2026-04-02 19:40,1,Richmond Wagner,Places (Live Take),🚀 Auto,5,https://www.google.com/search?q=Richmond%20Wagner%20Places%20%28Live%20Take%29,https://www.beatport.com/search?q=Richmond%20Wagner%20Places%20%28Live%20Take%29
2026-04-02 19:36,1,5ALVO,Wrightwood,🚀 Auto,5,https://www.google.com/search?q=5ALVO%20Wrightwood,https://www.beatport.com/search?q=5ALVO%20Wrightwood
2026-04-02 19:28,1,RHYTHM & FORM,WAR DRUM MOTION,🚀 Auto,5,https://www.google.com/search?q=RHYTHM%20%26%20FORM%20WAR%20DRUM%20MOTION,https://www.beatport.com/search?q=RHYTHM%20%26%20FORM%20WAR%20DRUM%20MOTION
2026-04-02 19:16,1,Fluidsky,Volatilize,🚀 Auto,5,https://www.google.com/search?q=Fluidsky%20Volatilize,https://www.beatport.com/search?q=Fluidsky%20Volatilize
2026-04-02 19:14,1,Tonic Walter,Into The Night,🚀 Auto,5,https://www.google.com/search?q=Tonic%20Walter%20Into%20The%20Night,https://www.beatport.com/search?q=Tonic%20Walter%20Into%20The%20Night
2026-04-02 19:08,1,RHYTHM & FORM,SLOW BURN,👤 Manual,5,https://www.google.com/search?q=RHYTHM%20%26%20FORM%20SLOW%20BURN,https://www.beatport.com/search?q=RHYTHM%20%26%20FORM%20SLOW%20BURN
